USE Shmoop;

INSERT INTO PersonalTrainer (username, qualifiedsince)
values ('ljarvie1x', '2008-09-22'),
       ('ghabben1m', '2009-08-04'),
       ('tghirigori1c', '2010-10-29'),
       ('lpeye2p', '2015-06-26'),
       ('tviegas8a', '2004-12-21'),
       ('pgiovanardi3f', '2018-06-08'),
       ('cmcparlin30', '2016-11-14'),
       ('vfranzschoninger1s', '2018-12-17'),
       ('astubbings2v', '2008-02-17'),
       ('kcharkham1v', '2003-05-14'),
       ('kgooderick1d', '2001-02-15'),
       ('jdoe', '2018-04-12'),
       ('hdoumerque2r', '2020-01-20'),
       ('kvercruysse3g', '2019-01-03'),
       ('tcornillir', '2007-02-04'),
       ('bwhitnall3i', '2008-04-20'),
       ('gphilip25', '2020-01-18'),
       ('rgajewski3y', '2008-12-04'),
       ('ccliff2l', '2006-02-23'),
       ('bcapner1d', '2009-01-27'),
       ('estorekw', '2008-03-26'),
       ('eheeneyk', '2003-12-15'),
       ('jagett10', '2009-03-13'),
       ('jgrinston2x', '2006-11-22'),
       ('kbrewoodm', '2011-02-10'),
       ('xmaldin8', '2006-11-12'),
       ('jkeyser3u', '2021-02-15'),
       ('lrustman40', '2014-04-04'),
       ('trandles35', '2003-09-03'),
       ('iobell1c', '2016-10-05'),
       ('rsell89', '2019-08-26'),
       ('bmccreery3r', '2020-02-25'),
       ('rchichgar3w', '2020-08-13'),
       ('drosenbaum1i', '2002-11-26'),
       ('mmacfarlane1f', '2009-02-22'),
       ('mmercey7', '2015-11-08'),
       ('rbridat13', '2005-02-23'),
       ('stedahl16', '2013-12-04'),
       ('abernaldo3k', '2011-10-19'),
       ('bhowarthc', '2005-03-28'),
       ('gshawl29', '2020-01-17'),
       ('alamke42', '2013-09-27'),
       ('dkryszka2t', '2007-08-30'),
       ('bwyant1f', '2008-02-11'),
       ('casif1l', '2006-03-01'),
       ('lcaffery1j', '2016-11-09'),
       ('rmacdearmid23', '2008-06-10'),
       ('htrimble3d', '2019-01-07'),
       ('ncoolbear9', '2011-03-20'),
       ('tfinan1h', '2016-05-22'),
       ('tgoakesj', '2011-01-21'),
       ('emckeaneyy', '2008-06-15');


INSERT INTO PersonalTrainerClient(trainerUsername, clientUsername)
VALUES ('abernaldo3k', 'swretham7z'),
       ('alamke42', 'jgrinston2x'),
       ('aniceberg', 'dkryszka2t'),
       ('astubbings2v', 'ygageng'),
       ('bcapner1d', 'mmercey7'),
       ('bhowarthc', 'bwhymark6'),
       ('bmccreery3r', 'rmarklund22'),
       ('bwhitnall3i', 'lcaffery1j'),
       ('bwyant1f', 'bmccreery3r'),
       ('casif1l', 'iseer1t'),
       ('ccliff2l', 'hclemo1m'),
       ('cmcparlin30', 'jmcpakeo'),
       ('dkryszka2t', 'lgreguoli82'),
       ('drosenbaum1i', 'vgouley2z'),
       ('eheeneyk', 'vgouley2z'),
       ('emckeaneyy', 'whatt1r'),
       ('estorekw', 'jitzhayek45'),
       ('ewiser', 'mmacfarlane1f'),
       ('ghabben1m', 'msevers81'),
       ('gphilip25', 'drosenbaum1i'),
       ('gshawl29', 'xmaldin8'),
       ('hdoumerque2r', 'lcanaan9'),
       ('htrimble3d', 'mfontenot'),
       ('iobell1c', 'pculverhouse22'),
       ('jagett10', 'ataverner16'),
       ('jdoe', 'tcornillir'),
       ('jgrinston2x', 'ashrawley33'),
       ('jkeyser3u', 'ssavory23'),
       ('kbrewoodm', 'cfeirn1b'),
       ('kcharkham1v', 'casif1l'),
       ('kgooderick1d', 'tfinan1h'),
       ('kvercruysse3g', 'ewiser'),
       ('lcaffery1j', 'ebreadon3n'),
       ('ljarvie1x', 'aurquhart2i'),
       ('lpeye2p', 'eheeneyk'),
       ('lrustman40', 'bwhymark6'),
       ('mmacfarlane1f', 'hdillingston19'),
       ('mmercey7', 'jkolyagin32'),
       ('ncoolbear9', 'xmaldin8'),
       ('pgiovanardi3f', 'jdoe'),
       ('rbridat13', 'fnial84'),
       ('rchichgar3w', 'tstollberg1z'),
       ('rgajewski3y', 'ssavory23'),
       ('rmacdearmid23', 'khaggerty3m'),
       ('rsell89', 'atrowela'),
       ('stedahl16', 'dedwick13'),
       ('tcornillir', 'wfarguhar1a'),
       ('tfinan1h', 'amcgowan2y'),
       ('tghirigori1c', 'amcgowan2y'),
       ('tgoakesj', 'aashdown3l'),
       ('trandles35', 'ygageng'),
       ('tviegas8a', 'locarran44'),
       ('vfranzschoninger1s', 'credingtonf'),
       ('xmaldin8', 'bhandlin3p'),
       ('abernaldo3k', 'gphilip25'),
       ('alamke42', 'wsandilandsn'),
       ('aniceberg', 'egillbanks5'),
       ('astubbings2v', 'ataverner16'),
       ('bcapner1d', 'drosenbaum1i'),
       ('bhowarthc', 'aashdown3l'),
       ('bmccreery3r', 'rsearl1g'),
       ('bwhitnall3i', 'sfosse1'),
       ('bwyant1f', 'rchichgar3w'),
       ('casif1l', 'qsinkin27'),
       ('ccliff2l', 'tstollberg1z'),
       ('cmcparlin30', 'rsell89'),
       ('dkryszka2t', 'cmogg1a'),
       ('drosenbaum1i', 'ncoolbear9'),
       ('eheeneyk', 'cnabarro8'),
       ('emckeaneyy', 'rsedgemondp'),
       ('estorekw', 'ewiser'),
       ('ewiser', 'rsearl1g'),
       ('ghabben1m', 'vgouley2z'),
       ('gphilip25', 'tfinan1h'),
       ('gshawl29', 'rgianulli20'),
       ('hdoumerque2r', 'njandl2a'),
       ('iobell1c', 'ogrindley14'),
       ('jagett10', 'tfessions1z'),
       ('jdoe', 'rstrathe2e'),
       ('jgrinston2x', 'nabello'),
       ('jkeyser3u', 'ebreadon3n'),
       ('kbrewoodm', 'gbeeres26'),
       ('kcharkham1v', 'thabble25'),
       ('kgooderick1d', 'abernaldo3k'),
       ('kvercruysse3g', 'qsinkin27'),
       ('lcaffery1j', 'whatt1r'),
       ('ljarvie1x', 'sfosse1'),
       ('lpeye2p', 'ssavory23'),
       ('lrustman40', 'rstrathe2e'),
       ('mmacfarlane1f', 'ahallworth7o'),
       ('mmercey7', 'njandl2a'),
       ('ncoolbear9', 'etompkin1k'),
       ('pgiovanardi3f', 'kblumson2u'),
       ('rbridat13', 'aalflat2s'),
       ('rchichgar3w', 'ogrindley14'),
       ('rgajewski3y', 'omelbury3e'),
       ('rmacdearmid23', 'bmccreery3r'),
       ('rsell89', 'tshemmin1e'),
       ('stedahl16', 'tfessions1z'),
       ('tcornillir', 'thigounet7'),
       ('tfinan1h', 'vfranzschoninger1s'),
       ('tghirigori1c', 'mbeckitt85'),
       ('tgoakesj', 'lkenton12'),
       ('trandles35', 'kcharkham1v'),
       ('tviegas8a', 'xmaldin8'),
       ('vfranzschoninger1s', 'mmacfarlane1f'),
       ('xmaldin8', 'bwhymark6'),
       ('abernaldo3k', 'wflather3j'),
       ('alamke42', 'pschimon2o'),
       ('aniceberg', 'grisen18'),
       ('astubbings2v', 'gbeeres26'),
       ('bcapner1d', 'kcharkham1v'),
       ('bhowarthc', 'aurquhart2i'),
       ('bmccreery3r', 'dedwick13'),
       ('bwhitnall3i', 'kmaclardie2d'),
       ('bwyant1f', 'oguitton11'),
       ('casif1l', 'mwestgate2h'),
       ('ccliff2l', 'aeggerton1y'),
       ('cmcparlin30', 'cmogg1a'),
       ('dkryszka2t', 'wflather3j'),
       ('drosenbaum1i', 'bhowarthc'),
       ('eheeneyk', 'kblumson2u'),
       ('emckeaneyy', 'pduffil21'),
       ('estorekw', 'kbaudinot1g'),
       ('ewiser', 'aniceberg'),
       ('ghabben1m', 'dedinburough3t'),
       ('gphilip25', 'cpetry1l'),
       ('gshawl29', 'kheifer2m'),
       ('hdoumerque2r', 'rsell89'),
       ('htrimble3d', 'abernaldo3k'),
       ('iobell1c', 'wriba17'),
       ('jagett10', 'ejuett3s'),
       ('jdoe', 'calsina1o'),
       ('jgrinston2x', 'rissitt0'),
       ('jkeyser3u', 'cfeirn1b'),
       ('kbrewoodm', 'lpatman19'),
       ('kcharkham1v', 'estorekw'),
       ('kgooderick1d', 'jitzhayek45'),
       ('kvercruysse3g', 'gphilip25'),
       ('lcaffery1j', 'hdoumerque2r'),
       ('ljarvie1x', 'bwyant1f'),
       ('lpeye2p', 'iobell1c'),
       ('lrustman40', 'abernaldo3k'),
       ('mmacfarlane1f', 'oguitton11'),
       ('ncoolbear9', 'fhasluck3z'),
       ('pgiovanardi3f', 'vmoxted37'),
       ('rbridat13', 'nburtwhistle5'),
       ('rchichgar3w', 'elamburn28'),
       ('rgajewski3y', 'mmerigot12'),
       ('rmacdearmid23', 'smartinek3a'),
       ('rsell89', 'iobell1c'),
       ('stedahl16', 'bbarzen86'),
       ('tcornillir', 'bcapner1d'),
       ('tfinan1h', 'hhindrich1y'),
       ('tghirigori1c', 'atrowela'),
       ('tgoakesj', 'ahallworth7o'),
       ('trandles35', 'relvey2q'),
       ('tviegas8a', 'bnapoleone20'),
       ('vfranzschoninger1s', 'lstallwood3c'),
       ('xmaldin8', 'astubbings2v'),
       ('abernaldo3k', 'lkenton12'),
       ('alamke42', 'kbrewoodm'),
       ('aniceberg', 'kbrewoodm'),
       ('astubbings2v', 'wgurnelll'),
       ('bcapner1d', 'egillbanks5'),
       ('bhowarthc', 'iseer1t'),
       ('bmccreery3r', 'bwhymark6'),
       ('bwhitnall3i', 'rsedgemondp'),
       ('bwyant1f', 'calsina1o'),
       ('casif1l', 'relvey2q'),
       ('ccliff2l', 'kvercruysse3g'),
       ('cmcparlin30', 'wgurnelll'),
       ('dkryszka2t', 'kbrewoodm'),
       ('drosenbaum1i', 'mmerigot12'),
       ('eheeneyk', 'svalenssmith2f'),
       ('emckeaneyy', 'rpuckham3'),
       ('estorekw', 'wgurnelll'),
       ('ewiser', 'tfinan1h'),
       ('ghabben1m', 'vgisburne38'),
       ('gphilip25', 'bhandlin3p'),
       ('gshawl29', 'keva80'),
       ('hdoumerque2r', 'rsiemens3x'),
       ('htrimble3d', 'kwoodman1w'),
       ('iobell1c', 'rsedgemondp'),
       ('jagett10', 'kwoodman1w'),
       ('jdoe', 'lmillimoe2w'),
       ('jgrinston2x', 'credingtonf'),
       ('jkeyser3u', 'tari'),
       ('kbrewoodm', 'gwitheford34'),
       ('kcharkham1v', 'etompkin1k'),
       ('kgooderick1d', 'bbarzen86'),
       ('kvercruysse3g', 'tviegas8a'),
       ('lcaffery1j', 'rsedgemondp'),
       ('ljarvie1x', 'lpeye2p'),
       ('lpeye2p', 'sfosse1'),
       ('lrustman40', 'rgianulli20'),
       ('mmacfarlane1f', 'mwestgate2h'),
       ('mmercey7', 'gbeeres26'),
       ('ncoolbear9', 'calsina1o'),
       ('pgiovanardi3f', 'aurquhart2i'),
       ('rbridat13', 'rbernade3'),
       ('rchichgar3w', 'swretham7z'),
       ('rgajewski3y', 'rsiemens3x'),
       ('rmacdearmid23', 'jkeyser3u'),
       ('rsell89', 'emion4'),
       ('stedahl16', 'ieberz3o'),
       ('tcornillir', 'pculverhouse22'),
       ('tfinan1h', 'credingtonf'),
       ('tghirigori1c', 'dedinburough3t'),
       ('tgoakesj', 'ssavory23'),
       ('trandles35', 'vgouley2z'),
       ('tviegas8a', 'rsedgemondp'),
       ('vfranzschoninger1s', 'vfranzschoninger1s'),
       ('xmaldin8', 'grisen18'),
       ('abernaldo3k', 'eburdikin15'),
       ('aniceberg', 'lcaffery1j'),
       ('astubbings2v', 'mizak41'),
       ('bcapner1d', 'wfarguhar1a'),
       ('bhowarthc', 'calsina1o'),
       ('bmccreery3r', 'omelbury3e'),
       ('bwhitnall3i', 'rtalby2c'),
       ('bwyant1f', 'gbeeres26'),
       ('casif1l', 'kblumson2u'),
       ('ccliff2l', 'rstrathe2e'),
       ('cmcparlin30', 'msevers81'),
       ('dkryszka2t', 'gshawl29'),
       ('drosenbaum1i', 'gbunt88'),
       ('eheeneyk', 'lmillimoe2w'),
       ('emckeaneyy', 'ygageng'),
       ('estorekw', 'tari'),
       ('ewiser', 'swretham7z'),
       ('ghabben1m', 'wgurnelll'),
       ('gphilip25', 'vgisburne38'),
       ('gshawl29', 'bhowarthc'),
       ('hdoumerque2r', 'kbrewoodm'),
       ('htrimble3d', 'tari'),
       ('iobell1c', 'rmeeland27'),
       ('jagett10', 'oguitton11'),
       ('jdoe', 'scoysh83'),
       ('jgrinston2x', 'deastup28'),
       ('jkeyser3u', 'hdoumerque2r'),
       ('kbrewoodm', 'mcogger31'),
       ('kcharkham1v', 'abrithmanz'),
       ('kgooderick1d', 'mmcgirlx'),
       ('kvercruysse3g', 'aashdown3l'),
       ('lcaffery1j', 'sfosse1'),
       ('ljarvie1x', 'ifruser3h'),
       ('lpeye2p', 'aurquhart2i'),
       ('lrustman40', 'kblumson2u'),
       ('mmacfarlane1f', 'lstallwood3c'),
       ('mmercey7', 'lmillimoe2w'),
       ('pgiovanardi3f', 'jsemered2j'),
       ('rchichgar3w', 'ncoolbear9'),
       ('rgajewski3y', 'kdahlback24'),
       ('rmacdearmid23', 'lparradiceq'),
       ('rsell89', 'gphilip25'),
       ('stedahl16', 'thigounet7'),
       ('tcornillir', 'drosenbaum1i'),
       ('tfinan1h', 'mivachyov1n'),
       ('tghirigori1c', 'ogrindley14'),
       ('tgoakesj', 'gmendez39'),
       ('trandles35', 'ghabben1m'),
       ('tviegas8a', 'lprior1h'),
       ('vfranzschoninger1s', 'rmacdearmid23'),
       ('xmaldin8', 'ewiser'),
       ('abernaldo3k', 'rchichgar3w'),
       ('alamke42', 'credingtonf'),
       ('aniceberg', 'lcanaan9'),
       ('astubbings2v', 'mmcgirlx'),
       ('bcapner1d', 'gphilip25'),
       ('bhowarthc', 'ssavory23'),
       ('bmccreery3r', 'atrowela'),
       ('bwhitnall3i', 'tstollberg1z'),
       ('bwyant1f', 'kvercruysse3g'),
       ('casif1l', 'mfontenot'),
       ('cmcparlin30', 'lcaffery1j'),
       ('dkryszka2t', 'rsearl1g'),
       ('drosenbaum1i', 'jagett10'),
       ('eheeneyk', 'htrimble3d'),
       ('emckeaneyy', 'gphilip25'),
       ('estorekw', 'grisen18'),
       ('ewiser', 'cbrauningeri'),
       ('ghabben1m', 'jmoring2'),
       ('gphilip25', 'lvobes15'),
       ('gshawl29', 'wriba17'),
       ('hdoumerque2r', 'rmarklund22'),
       ('htrimble3d', 'rissitt0'),
       ('iobell1c', 'bwyant1f'),
       ('jagett10', 'hsalandino1q'),
       ('jdoe', 'tviegas8a'),
       ('jgrinston2x', 'hhindrich1y'),
       ('jkeyser3u', 'rmarklund22'),
       ('kbrewoodm', 'fnial84'),
       ('kcharkham1v', 'aalflat2s');

INSERT INTO Workout(name, trainerusername)
VALUES ('phasellus', 'lcaffery1j'),
       ('amet', 'stedahl16'),
       ('ultrices vel augue', 'kgooderick1d'),
       ('vel lectus in quam', 'ghabben1m'),
       ('ultrices posuere cubilia curae', 'alamke42'),
       ('at feugiat non pretium quis', 'kgooderick1d'),
       ('sit amet sem fusce', 'astubbings2v'),
       ('erat quisque erat eros', 'tgoakesj'),
       ('cursus vestibulum proin', 'jgrinston2x'),
       ('nunc purus phasellus', 'gphilip25'),
       ('ut ultrices vel augue vestibulum', 'vfranzschoninger1s'),
       ('in', 'eheeneyk'),
       ('rutrum nulla tellus in sagittis', 'jgrinston2x'),
       ('justo sollicitudin', 'jdoe'),
       ('tempus sit amet sem fusce', 'hdoumerque2r'),
       ('pellentesque eget nunc donec', 'cmcparlin30'),
       ('vel ipsum', 'rbridat13'),
       ('vivamus vestibulum', 'kbrewoodm'),
       ('amet', 'tfinan1h'),
       ('dis parturient montes', 'rsell89'),
       ('justo in blandit ultrices enim', 'aniceberg'),
       ('curae nulla dapibus dolor vel', 'tfinan1h'),
       ('cursus vestibulum', 'emckeaneyy'),
       ('vulputate', 'ghabben1m'),
       ('cursus urna ut tellus', 'jkeyser3u'),
       ('non sodales', 'jdoe'),
       ('lobortis sapien', 'tgoakesj'),
       ('odio elementum eu', 'trandles35'),
       ('praesent', 'gshawl29'),
       ('id ligula suspendisse ornare', 'kvercruysse3g'),
       ('sit amet cursus', 'jgrinston2x'),
       ('ultrices', 'ghabben1m'),
       ('turpis sed', 'bmccreery3r'),
       ('in felis donec', 'ghabben1m'),
       ('laoreet ut rhoncus aliquet pulvinar', 'rmacdearmid23'),
       ('pede', 'abernaldo3k'),
       ('convallis', 'jkeyser3u'),
       ('ac tellus semper interdum mauris', 'astubbings2v'),
       ('ut', 'vfranzschoninger1s'),
       ('ac nibh fusce', 'kgooderick1d'),
       ('nascetur ridiculus mus', 'hdoumerque2r'),
       ('erat curabitur gravida', 'ghabben1m'),
       ('nisi', 'xmaldin8'),
       ('cubilia', 'mmacfarlane1f'),
       ('at', 'pgiovanardi3f'),
       ('duis mattis', 'kbrewoodm'),
       ('phasellus id sapien in sapien', 'bmccreery3r'),
       ('morbi vestibulum velit', 'eheeneyk'),
       ('nec sem duis aliquam', 'ccliff2l'),
       ('quis', 'ljarvie1x'),
       ('integer a nibh in', 'jgrinston2x'),
       ('sapien cum sociis', 'dkryszka2t'),
       ('sem praesent', 'rchichgar3w'),
       ('ut tellus', 'pgiovanardi3f'),
       ('rutrum neque aenean auctor', 'alamke42'),
       ('donec quis orci eget', 'kcharkham1v'),
       ('suscipit', 'drosenbaum1i'),
       ('condimentum id', 'tghirigori1c'),
       ('adipiscing', 'ghabben1m'),
       ('montes nascetur ridiculus mus vivamus', 'eheeneyk'),
       ('libero rutrum ac', 'iobell1c'),
       ('rhoncus sed vestibulum', 'astubbings2v'),
       ('quam sollicitudin vitae consectetuer', 'rmacdearmid23'),
       ('dui', 'pgiovanardi3f'),
       ('eget eros', 'bcapner1d'),
       ('orci', 'bmccreery3r'),
       ('nulla', 'jdoe'),
       ('sapien placerat ante', 'jkeyser3u'),
       ('id consequat in consequat ut', 'jkeyser3u'),
       ('vitae', 'rbridat13'),
       ('tempus sit', 'kbrewoodm'),
       ('amet nulla quisque', 'lrustman40'),
       ('eleifend luctus ultricies eu nibh', 'bhowarthc'),
       ('cubilia curae mauris', 'rgajewski3y'),
       ('eu sapien cursus vestibulum proin', 'hdoumerque2r'),
       ('in sapien iaculis', 'lpeye2p'),
       ('interdum in ante', 'tgoakesj'),
       ('non mauris morbi non lectus', 'tviegas8a'),
       ('sed justo pellentesque viverra', 'rchichgar3w'),
       ('blandit ultrices enim lorem', 'bwyant1f'),
       ('urna', 'gphilip25'),
       ('augue vestibulum rutrum rutrum', 'kbrewoodm'),
       ('et', 'rgajewski3y'),
       ('dapibus at diam', 'gphilip25'),
       ('congue diam id ornare', 'ncoolbear9'),
       ('sed justo pellentesque viverra pede', 'ncoolbear9'),
       ('posuere metus', 'lrustman40'),
       ('luctus cum sociis', 'mmacfarlane1f'),
       ('volutpat', 'rgajewski3y'),
       ('in faucibus orci', 'ncoolbear9'),
       ('nibh in hac habitasse', 'rsell89'),
       ('rhoncus dui vel', 'rmacdearmid23'),
       ('eu tincidunt in', 'tgoakesj'),
       ('viverra dapibus nulla suscipit ligula', 'tgoakesj'),
       ('et ultrices posuere cubilia', 'jkeyser3u'),
       ('ut', 'jkeyser3u'),
       ('ac nibh fusce lacus', 'rsell89'),
       ('convallis', 'htrimble3d'),
       ('iaculis justo in', 'abernaldo3k'),
       ('porttitor lacus at turpis', 'mmacfarlane1f'),
       ('duis bibendum felis sed', 'kcharkham1v'),
       ('nibh ligula', 'htrimble3d'),
       ('rhoncus aliquam', 'kbrewoodm'),
       ('velit nec nisi vulputate nonummy', 'kcharkham1v'),
       ('varius ut blandit non', 'tgoakesj'),
       ('vestibulum', 'trandles35'),
       ('orci nullam molestie nibh in', 'rgajewski3y'),
       ('orci luctus et ultrices posuere', 'estorekw'),
       ('quis turpis sed ante vivamus', 'htrimble3d'),
       ('sapien', 'bwhitnall3i'),
       ('nec', 'tgoakesj'),
       ('sed vestibulum', 'drosenbaum1i'),
       ('volutpat quam pede lobortis ligula', 'mmacfarlane1f'),
       ('ligula nec sem', 'tviegas8a'),
       ('id justo sit', 'mmercey7'),
       ('a nibh in quis justo', 'stedahl16'),
       ('in blandit ultrices enim lorem', 'bwhitnall3i'),
       ('cras non', 'ccliff2l'),
       ('lacus', 'pgiovanardi3f'),
       ('ultrices mattis odio', 'ghabben1m'),
       ('pulvinar lobortis est', 'kbrewoodm'),
       ('ut blandit non', 'drosenbaum1i'),
       ('id luctus', 'mmacfarlane1f'),
       ('ipsum aliquam non', 'hdoumerque2r'),
       ('proin risus praesent lectus vestibulum', 'jkeyser3u'),
       ('potenti cras in purus', 'lpeye2p'),
       ('lectus pellentesque eget nunc', 'tcornillir'),
       ('pretium nisl ut volutpat', 'gshawl29'),
       ('justo etiam pretium iaculis justo', 'iobell1c'),
       ('turpis a pede posuere', 'ccliff2l'),
       ('lectus pellentesque', 'mmercey7'),
       ('sem fusce consequat nulla', 'vfranzschoninger1s'),
       ('quis augue luctus tincidunt', 'ewiser'),
       ('sit', 'gshawl29'),
       ('nulla', 'bhowarthc'),
       ('vulputate justo in blandit', 'rbridat13'),
       ('semper', 'cmcparlin30'),
       ('cursus vestibulum proin', 'rchichgar3w'),
       ('adipiscing elit', 'alamke42'),
       ('interdum eu', 'htrimble3d'),
       ('ligula vehicula consequat morbi a', 'iobell1c'),
       ('odio', 'bwyant1f'),
       ('vel lectus in', 'jkeyser3u'),
       ('augue vestibulum ante ipsum primis', 'tfinan1h'),
       ('sit amet nunc viverra', 'gshawl29'),
       ('volutpat dui maecenas tristique', 'bwyant1f'),
       ('dictumst morbi vestibulum velit id', 'rbridat13'),
       ('nunc proin at turpis a', 'estorekw'),
       ('quisque ut erat', 'ljarvie1x'),
       ('morbi non quam', 'ccliff2l'),
       ('ut massa', 'bmccreery3r'),
       ('diam in', 'stedahl16'),
       ('cubilia curae duis faucibus', 'tcornillir'),
       ('orci pede venenatis non', 'jkeyser3u'),
       ('eros viverra', 'bcapner1d'),
       ('dui proin leo', 'vfranzschoninger1s'),
       ('duis bibendum morbi', 'kgooderick1d'),
       ('diam cras pellentesque volutpat dui', 'gshawl29'),
       ('sapien in sapien', 'iobell1c'),
       ('leo odio porttitor id', 'rchichgar3w'),
       ('lacus purus aliquet', 'ewiser'),
       ('a feugiat et eros', 'bwhitnall3i'),
       ('a suscipit nulla elit ac', 'tviegas8a'),
       ('sed interdum', 'emckeaneyy'),
       ('fusce', 'bmccreery3r'),
       ('interdum venenatis turpis enim blandit', 'vfranzschoninger1s'),
       ('fermentum donec ut mauris', 'htrimble3d'),
       ('tortor', 'ghabben1m'),
       ('ante vivamus', 'bhowarthc'),
       ('enim sit amet nunc viverra', 'rmacdearmid23'),
       ('mi', 'tcornillir'),
       ('nullam', 'trandles35'),
       ('tincidunt eget tempus', 'rchichgar3w'),
       ('vestibulum aliquet ultrices', 'tviegas8a'),
       ('vehicula', 'emckeaneyy'),
       ('in', 'kgooderick1d'),
       ('libero nam dui proin', 'rgajewski3y'),
       ('dolor sit', 'drosenbaum1i'),
       ('nulla sed accumsan', 'ncoolbear9'),
       ('nulla neque', 'ccliff2l'),
       ('mollis', 'rmacdearmid23'),
       ('vivamus metus arcu', 'iobell1c'),
       ('integer aliquet massa', 'ghabben1m'),
       ('nulla elit', 'rgajewski3y'),
       ('felis', 'jagett10'),
       ('quisque porta volutpat', 'estorekw'),
       ('rutrum neque aenean', 'rchichgar3w'),
       ('elit proin risus', 'alamke42'),
       ('tortor risus dapibus augue vel', 'lrustman40'),
       ('vivamus', 'kcharkham1v'),
       ('odio condimentum id luctus nec', 'gshawl29'),
       ('elit proin', 'emckeaneyy'),
       ('dapibus at diam', 'vfranzschoninger1s'),
       ('euismod scelerisque quam turpis adipiscing', 'bhowarthc'),
       ('erat', 'astubbings2v'),
       ('odio', 'kgooderick1d'),
       ('sagittis sapien cum sociis', 'kcharkham1v'),
       ('amet sem fusce consequat', 'rsell89'),
       ('sociis natoque penatibus', 'estorekw'),
       ('phasellus in', 'tghirigori1c'),
       ('eu orci mauris lacinia', 'astubbings2v'),
       ('lectus aliquam sit amet diam', 'aniceberg'),
       ('ac lobortis vel', 'tviegas8a'),
       ('suspendisse', 'jkeyser3u'),
       ('convallis eget eleifend', 'tcornillir'),
       ('pulvinar', 'astubbings2v'),
       ('nascetur ridiculus mus', 'aniceberg'),
       ('proin at turpis a', 'stedahl16'),
       ('quam', 'ncoolbear9'),
       ('parturient montes', 'rgajewski3y'),
       ('ultrices phasellus', 'lrustman40'),
       ('ultrices libero non mattis', 'jagett10'),
       ('id nisl venenatis', 'ljarvie1x'),
       ('eget', 'hdoumerque2r'),
       ('sed augue', 'rgajewski3y'),
       ('amet sapien dignissim', 'bwyant1f'),
       ('risus semper porta', 'kbrewoodm'),
       ('hac habitasse platea dictumst morbi', 'rsell89'),
       ('et', 'kcharkham1v'),
       ('sem praesent id', 'kbrewoodm'),
       ('est lacinia nisi venenatis', 'rchichgar3w'),
       ('ut erat curabitur gravida', 'trandles35'),
       ('luctus ultricies eu', 'rgajewski3y'),
       ('blandit non interdum in ante', 'htrimble3d'),
       ('orci eget orci', 'tgoakesj'),
       ('vehicula condimentum curabitur', 'jagett10'),
       ('pretium', 'rbridat13'),
       ('justo', 'estorekw'),
       ('iaculis diam erat fermentum', 'estorekw'),
       ('hac', 'rgajewski3y'),
       ('vitae nisl aenean lectus', 'aniceberg'),
       ('at ipsum ac tellus semper', 'jgrinston2x'),
       ('nulla eget eros', 'ncoolbear9'),
       ('lacus purus aliquet at', 'bcapner1d'),
       ('tortor', 'astubbings2v'),
       ('in tempor turpis', 'eheeneyk'),
       ('rhoncus aliquam lacus morbi', 'aniceberg'),
       ('quis justo', 'drosenbaum1i'),
       ('dis parturient montes nascetur ridiculus', 'emckeaneyy'),
       ('sit amet turpis elementum', 'rmacdearmid23'),
       ('eu tincidunt in leo maecenas', 'rsell89'),
       ('risus semper porta volutpat', 'cmcparlin30'),
       ('ullamcorper augue a suscipit nulla', 'ncoolbear9'),
       ('rhoncus aliquam lacus morbi quis', 'kvercruysse3g'),
       ('aenean auctor gravida sem praesent', 'stedahl16'),
       ('tempor convallis', 'cmcparlin30'),
       ('mauris morbi non lectus aliquam', 'alamke42'),
       ('sit', 'cmcparlin30'),
       ('ut nulla sed accumsan felis', 'jgrinston2x'),
       ('condimentum curabitur', 'stedahl16'),
       ('non lectus', 'alamke42'),
       ('nascetur ridiculus mus', 'jkeyser3u'),
       ('nisl nunc rhoncus dui', 'rgajewski3y'),
       ('vel ipsum praesent blandit', 'ncoolbear9'),
       ('ut nulla', 'casif1l'),
       ('dolor', 'dkryszka2t'),
       ('enim sit amet', 'kgooderick1d'),
       ('morbi vel', 'kbrewoodm'),
       ('ullamcorper purus', 'astubbings2v'),
       ('dapibus nulla suscipit', 'pgiovanardi3f'),
       ('posuere nonummy integer non velit', 'jdoe'),
       ('leo odio porttitor', 'lrustman40'),
       ('ac neque', 'estorekw'),
       ('et magnis', 'trandles35'),
       ('quam', 'jdoe'),
       ('non', 'cmcparlin30'),
       ('in sapien iaculis congue vivamus', 'aniceberg'),
       ('sed justo pellentesque viverra pede', 'lrustman40'),
       ('sapien', 'jgrinston2x'),
       ('tellus in', 'lrustman40'),
       ('curae', 'cmcparlin30'),
       ('fermentum donec ut mauris eget', 'jdoe'),
       ('praesent id massa id nisl', 'jdoe'),
       ('etiam', 'bmccreery3r'),
       ('ac consequat', 'dkryszka2t'),
       ('odio consequat', 'kbrewoodm'),
       ('mauris ullamcorper purus sit amet', 'lpeye2p'),
       ('turpis eget elit', 'tghirigori1c'),
       ('leo', 'rsell89'),
       ('nulla', 'gshawl29'),
       ('nunc', 'bcapner1d'),
       ('metus', 'ljarvie1x'),
       ('luctus et', 'lcaffery1j'),
       ('praesent blandit nam nulla', 'gshawl29'),
       ('faucibus orci luctus et ultrices', 'jdoe'),
       ('nullam orci', 'bmccreery3r'),
       ('platea dictumst etiam faucibus cursus', 'htrimble3d'),
       ('donec', 'trandles35'),
       ('amet diam in magna bibendum', 'mmercey7'),
       ('interdum eu', 'kcharkham1v'),
       ('at turpis', 'alamke42'),
       ('integer ac neque', 'astubbings2v'),
       ('dictumst etiam faucibus cursus', 'trandles35'),
       ('vulputate justo in blandit', 'rmacdearmid23'),
       ('condimentum curabitur in libero ut', 'bmccreery3r'),
       ('cubilia curae mauris viverra diam', 'pgiovanardi3f'),
       ('vestibulum', 'lrustman40'),
       ('luctus', 'ccliff2l'),
       ('ut nulla sed accumsan', 'astubbings2v'),
       ('proin risus praesent lectus', 'pgiovanardi3f');

INSERT INTO Exercise(name, description)
VALUES ('volutpat', 'duis consequat dui nec nisi volutpat eleifend donec ut dolor'),
       ('elementum ligula vehicula', 'suspendisse accumsan tortor quis turpis sed ante vivamus'),
       ('lectus', 'tortor id nulla ultrices aliquet maecenas leo'),
       ('condimentum curabitur in libero', 'sed tincidunt eu felis'),
       ('erat nulla tempus vivamus in', 'imperdiet et commodo vulputate justo'),
       ('sapien a libero', 'faucibus orci'),
       ('ut dolor morbi vel lectus', 'consequat dui nec'),
       ('ante ipsum primis in faucibus', 'nunc proin at turpis a pede posuere nonummy integer'),
       ('elit', 'nec euismod scelerisque quam turpis adipiscing lorem vitae'),
       ('justo lacinia eget', 'in felis eu sapien cursus vestibulum proin eu mi'),
       ('commodo', 'bibendum'),
       ('lacinia eget', 'felis donec semper sapien a libero nam dui proin'),
       ('nec dui', 'nec sem'),
       ('cubilia', 'sit amet nulla quisque arcu libero rutrum'),
       ('non pretium quis lectus suspendisse', 'faucibus orci luctus et ultrices posuere cubilia'),
       ('justo morbi', 'blandit nam nulla'),
       ('at', 'justo maecenas rhoncus aliquam lacus'),
       ('pellentesque ultrices', 'velit id pretium iaculis diam erat fermentum justo nec'),
       ('molestie lorem quisque', 'lectus in est'),
       ('dapibus nulla suscipit ligula in', 'id ornare imperdiet sapien urna pretium nisl ut'),
       ('libero quis orci', 'nec nisi'),
       ('in felis eu', 'ac tellus semper interdum mauris ullamcorper purus sit'),
       ('sem duis aliquam convallis nunc', 'volutpat'),
       ('felis ut at dolor', 'sollicitudin ut suscipit a feugiat et eros vestibulum ac est'),
       ('vestibulum sit amet cursus', 'praesent id massa id nisl venenatis lacinia'),
       ('iaculis justo in hac', 'luctus cum sociis'),
       ('donec pharetra', 'mi nulla'),
       ('vestibulum sed magna at', 'rhoncus mauris enim'),
       ('nunc nisl', 'semper est quam pharetra magna ac'),
       ('dapibus', 'vestibulum ante ipsum'),
       ('amet', 'in'),
       ('odio curabitur convallis duis consequat', 'vivamus vel nulla eget eros elementum'),
       ('nisl venenatis', 'mauris ullamcorper purus sit amet nulla quisque arcu'),
       ('scelerisque quam', 'sit amet consectetuer adipiscing elit'),
       ('tempus vivamus in felis eu', 'aenean lectus pellentesque eget nunc donec quis'),
       ('amet diam in', 'nullam molestie nibh'),
       ('vel sem sed sagittis', 'eget vulputate ut'),
       ('lobortis est', 'nibh in'),
       ('pede ullamcorper', 'quam a odio'),
       ('eros vestibulum ac', 'lectus vestibulum quam sapien varius ut blandit'),
       ('in quam fringilla', 'eleifend donec ut dolor morbi vel lectus'),
       ('in tempus sit amet', 'neque aenean auctor gravida sem praesent id'),
       ('nunc vestibulum ante ipsum primis', 'pellentesque eget nunc donec quis orci eget orci vehicula condimentum'),
       ('ut erat curabitur gravida', 'augue quam sollicitudin'),
       ('id ligula suspendisse', 'id mauris vulputate elementum nullam varius nulla facilisi'),
       ('quisque arcu libero rutrum', 'tortor eu'),
       ('lectus', 'nonummy maecenas tincidunt lacus at velit vivamus'),
       ('morbi', 'ipsum primis in'),
       ('ipsum', 'magna vulputate luctus cum sociis natoque'),
       ('ac enim in tempor turpis', 'accumsan tortor quis turpis');

INSERT INTO MuscleGroup(name)
VALUES ('ornare imperdiet sapien'),
       ('lorem ipsum dolor sit amet'),
       ('morbi'),
       ('mi sit amet'),
       ('sollicitudin vitae'),
       ('turpis'),
       ('ultrices phasellus id'),
       ('ipsum'),
       ('justo pellentesque viverra'),
       ('mauris morbi non'),
       ('ipsum dolor sit'),
       ('eu massa donec'),
       ('at diam nam tristique'),
       ('in tempus sit amet sem'),
       ('eu'),
       ('nullam orci'),
       ('amet sapien dignissim'),
       ('nibh in'),
       ('magna ac consequat metus'),
       ('curabitur'),
       ('vestibulum'),
       ('curabitur convallis duis consequat'),
       ('suscipit ligula in'),
       ('purus eu magna vulputate luctus'),
       ('viverra pede'),
       ('risus dapibus augue vel'),
       ('justo'),
       ('suscipit a feugiat et'),
       ('nibh quisque id justo sit'),
       ('platea dictumst'),
       ('vitae'),
       ('et ultrices posuere cubilia'),
       ('iaculis justo in'),
       ('suspendisse potenti nullam'),
       ('ut rhoncus aliquet'),
       ('a pede posuere'),
       ('molestie hendrerit at vulputate'),
       ('ante nulla justo aliquam quis'),
       ('tortor sollicitudin'),
       ('quisque id justo sit'),
       ('nulla'),
       ('scelerisque quam'),
       ('non velit nec'),
       ('in quis'),
       ('cubilia'),
       ('convallis morbi'),
       ('lobortis vel'),
       ('vestibulum ante ipsum primis in'),
       ('morbi porttitor lorem');


INSERT INTO ExerciseMuscleGroup (exerciseid, musclegroupname)
VALUES (9, 'risus dapibus augue vel'),
       (51, 'non velit nec'),
       (24, 'nibh quisque id justo sit'),
       (21, 'mauris morbi non'),
       (9, 'viverra pede'),
       (9, 'platea dictumst'),
       (6, 'biceps'),
       (27, 'nullam orci'),
       (11, 'chest'),
       (33, 'vestibulum ante ipsum primis in'),
       (20, 'ante nulla justo aliquam quis'),
       (31, 'cubilia'),
       (18, 'suscipit ligula in'),
       (2, 'lobortis vel'),
       (13, 'et ultrices posuere cubilia'),
       (30, 'viverra pede'),
       (29, 'nullam orci'),
       (50, 'non velit nec'),
       (15, 'curabitur'),
       (9, 'nibh quisque id justo sit'),
       (20, 'mauris morbi non'),
       (23, 'ultrices phasellus id'),
       (18, 'nullam orci'),
       (33, 'biceps'),
       (10, 'ipsum'),
       (11, 'purus eu magna vulputate luctus'),
       (18, 'vestibulum ante ipsum primis in'),
       (43, 'eu'),
       (51, 'scelerisque quam'),
       (35, 'iaculis justo in'),
       (43, 'iaculis justo in'),
       (38, 'morbi porttitor lorem'),
       (5, 'vitae'),
       (8, 'shoulders'),
       (10, 'back'),
       (12, 'ante nulla justo aliquam quis'),
       (9, 'nullam orci'),
       (43, 'chest'),
       (38, 'lorem ipsum dolor sit amet'),
       (24, 'curabitur'),
       (54, 'non velit nec'),
       (14, 'magna ac consequat metus'),
       (21, 'suscipit ligula in'),
       (41, 'lobortis vel'),
       (49, 'ante nulla justo aliquam quis'),
       (15, 'lorem ipsum dolor sit amet'),
       (29, 'viverra pede'),
       (46, 'nulla'),
       (35, 'turpis'),
       (38, 'mi sit amet'),
       (49, 'risus dapibus augue vel'),
       (13, 'back'),
       (13, 'ipsum'),
       (25, 'ante nulla justo aliquam quis'),
       (14, 'amet sapien dignissim'),
       (11, 'nullam orci'),
       (37, 'turpis'),
       (14, 'ut rhoncus aliquet'),
       (38, 'sollicitudin vitae'),
       (38, 'scelerisque quam'),
       (53, 'turpis'),
       (16, 'non velit nec'),
       (54, 'suspendisse potenti nullam'),
       (36, 'et ultrices posuere cubilia'),
       (5, 'legs'),
       (10, 'vitae'),
       (21, 'legs'),
       (39, 'sollicitudin vitae'),
       (38, 'iaculis justo in'),
       (5, 'platea dictumst'),
       (6, 'chest'),
       (34, 'ultrices phasellus id'),
       (3, 'shoulders'),
       (38, 'ut rhoncus aliquet'),
       (4, 'lobortis vel'),
       (10, 'purus eu magna vulputate luctus'),
       (30, 'lobortis vel'),
       (54, 'legs'),
       (16, 'a pede posuere'),
       (32, 'lobortis vel'),
       (6, 'amet sapien dignissim'),
       (16, 'triceps'),
       (7, 'nibh quisque id justo sit'),
       (2, 'suspendisse potenti nullam'),
       (41, 'et ultrices posuere cubilia'),
       (33, 'nulla'),
       (23, 'mauris morbi non'),
       (33, 'nibh in'),
       (27, 'morbi porttitor lorem'),
       (5, 'suscipit a feugiat et'),
       (36, 'cubilia'),
       (34, 'iaculis justo in'),
       (53, 'suscipit ligula in'),
       (8, 'nibh in'),
       (41, 'molestie hendrerit at vulputate'),
       (28, 'non velit nec'),
       (38, 'biceps'),
       (27, 'vestibulum'),
       (34, 'shoulders'),
       (39, 'ultrices phasellus id'),
       (16, 'at diam nam tristique'),
       (25, 'curabitur convallis duis consequat'),
       (44, 'curabitur convallis duis consequat'),
       (36, 'scelerisque quam'),
       (12, 'back'),
       (9, 'ornare imperdiet sapien'),
       (31, 'nullam orci'),
       (33, 'scelerisque quam'),
       (14, 'ultrices phasellus id'),
       (52, 'iaculis justo in'),
       (16, 'amet sapien dignissim'),
       (48, 'nulla'),
       (37, 'suspendisse potenti nullam'),
       (8, 'convallis morbi'),
       (35, 'platea dictumst'),
       (27, 'molestie hendrerit at vulputate'),
       (54, 'purus eu magna vulputate luctus'),
       (33, 'ultrices phasellus id'),
       (50, 'back'),
       (16, 'purus eu magna vulputate luctus'),
       (51, 'nullam orci'),
       (35, 'magna ac consequat metus'),
       (23, 'nullam orci'),
       (21, 'in tempus sit amet sem'),
       (42, 'biceps'),
       (45, 'risus dapibus augue vel'),
       (13, 'ut rhoncus aliquet'),
       (42, 'in tempus sit amet sem'),
       (32, 'ut rhoncus aliquet'),
       (7, 'risus dapibus augue vel'),
       (22, 'curabitur'),
       (54, 'morbi'),
       (18, 'biceps'),
       (12, 'lorem ipsum dolor sit amet'),
       (38, 'ornare imperdiet sapien'),
       (8, 'ultrices phasellus id'),
       (13, 'viverra pede'),
       (37, 'back'),
       (37, 'lorem ipsum dolor sit amet'),
       (36, 'vestibulum ante ipsum primis in'),
       (50, 'in quis'),
       (6, 'non velit nec'),
       (30, 'amet sapien dignissim'),
       (27, 'tortor sollicitudin'),
       (8, 'in quis'),
       (40, 'at diam nam tristique'),
       (14, 'platea dictumst'),
       (35, 'justo pellentesque viverra'),
       (51, 'morbi'),
       (17, 'back'),
       (50, 'shoulders'),
       (25, 'morbi'),
       (26, 'vestibulum'),
       (15, 'mauris morbi non'),
       (17, 'suspendisse potenti nullam'),
       (23, 'vestibulum'),
       (51, 'purus eu magna vulputate luctus'),
       (28, 'quisque id justo sit'),
       (39, 'et ultrices posuere cubilia'),
       (13, 'platea dictumst'),
       (22, 'purus eu magna vulputate luctus'),
       (20, 'cubilia'),
       (46, 'justo'),
       (1, 'non velit nec'),
       (46, 'lobortis vel'),
       (12, 'at diam nam tristique'),
       (38, 'curabitur'),
       (14, 'in quis'),
       (24, 'quisque id justo sit'),
       (11, 'shoulders'),
       (44, 'morbi porttitor lorem'),
       (53, 'cubilia'),
       (27, 'ipsum'),
       (27, 'shoulders'),
       (39, 'tortor sollicitudin'),
       (21, 'justo'),
       (35, 'molestie hendrerit at vulputate'),
       (17, 'mi sit amet'),
       (35, 'sollicitudin vitae'),
       (1, 'ante nulla justo aliquam quis'),
       (51, 'lobortis vel'),
       (47, 'mauris morbi non'),
       (5, 'nibh quisque id justo sit'),
       (35, 'lobortis vel'),
       (23, 'justo'),
       (39, 'lobortis vel'),
       (25, 'ipsum'),
       (20, 'ultrices phasellus id'),
       (8, 'mauris morbi non'),
       (22, 'amet sapien dignissim'),
       (28, 'nibh in'),
       (11, 'nibh in'),
       (47, 'suspendisse potenti nullam'),
       (36, 'morbi porttitor lorem'),
       (49, 'mauris morbi non'),
       (40, 'non velit nec'),
       (51, 'lorem ipsum dolor sit amet'),
       (35, 'triceps'),
       (25, 'biceps'),
       (5, 'ante nulla justo aliquam quis'),
       (30, 'ipsum'),
       (39, 'platea dictumst'),
       (26, 'a pede posuere'),
       (46, 'sollicitudin vitae'),
       (50, 'chest'),
       (50, 'cubilia'),
       (13, 'iaculis justo in'),
       (30, 'suscipit ligula in'),
       (5, 'suscipit ligula in'),
       (44, 'cubilia'),
       (32, 'in quis'),
       (25, 'quisque id justo sit'),
       (4, 'curabitur convallis duis consequat'),
       (51, 'suscipit a feugiat et'),
       (39, 'iaculis justo in'),
       (3, 'eu'),
       (27, 'cubilia'),
       (39, 'morbi'),
       (31, 'biceps'),
       (38, 'ante nulla justo aliquam quis'),
       (25, 'triceps'),
       (52, 'amet sapien dignissim'),
       (3, 'biceps'),
       (27, 'biceps'),
       (30, 'back'),
       (27, 'ornare imperdiet sapien'),
       (49, 'justo'),
       (47, 'mi sit amet'),
       (41, 'mauris morbi non'),
       (41, 'nullam orci'),
       (41, 'shoulders'),
       (47, 'amet sapien dignissim'),
       (52, 'viverra pede'),
       (10, 'justo'),
       (43, 'vestibulum'),
       (41, 'vitae'),
       (9, 'turpis'),
       (12, 'non velit nec'),
       (3, 'in tempus sit amet sem'),
       (33, 'suspendisse potenti nullam');

INSERT INTO WorkoutExercise (workoutid, exerciseid, sets, reps)
VALUES (181, 26, 66, 73),
       (103, 7, 95, 80),
       (46, 38, 74, 41),
       (77, 3, 50, 76),
       (246, 26, 23, 84),
       (294, 6, 19, 43),
       (276, 45, 44, 5),
       (285, 53, 29, 10),
       (173, 53, 17, 89),
       (212, 20, 91, 79),
       (122, 2, 78, 94),
       (17, 21, 82, 18),
       (158, 45, 17, 76),
       (268, 1, 77, 25),
       (35, 54, 48, 75),
       (67, 11, 85, 1),
       (97, 7, 25, 58),
       (10, 4, 84, 100),
       (157, 48, 84, 13),
       (35, 36, 45, 26),
       (61, 14, 18, 59),
       (127, 35, 15, 10),
       (272, 43, 69, 26),
       (253, 9, 54, 91),
       (282, 30, 8, 7),
       (151, 50, 40, 32),
       (232, 33, 88, 42),
       (124, 50, 31, 36),
       (28, 46, 48, 33),
       (278, 4, 94, 43),
       (43, 53, 58, 12),
       (116, 52, 8, 2),
       (166, 50, 61, 45),
       (45, 38, 93, 92),
       (97, 41, 50, 97),
       (104, 54, 21, 43),
       (104, 48, 70, 79),
       (55, 47, 16, 26),
       (177, 30, 14, 52),
       (210, 24, 65, 27),
       (131, 11, 41, 95),
       (256, 36, 29, 74),
       (159, 31, 58, 10),
       (121, 25, 12, 18),
       (164, 44, 27, 29),
       (302, 37, 79, 26),
       (280, 46, 33, 8),
       (100, 38, 19, 41),
       (56, 9, 77, 63),
       (204, 33, 32, 8),
       (103, 44, 86, 43),
       (1, 53, 64, 34),
       (271, 20, 92, 35),
       (220, 54, 94, 25),
       (274, 40, 2, 1),
       (269, 4, 91, 79),
       (55, 38, 70, 24),
       (151, 34, 88, 53),
       (288, 1, 58, 11),
       (187, 23, 51, 31);

INSERT INTO Session (trainerusername, clientusername, workoutid, date, duration)
VALUES ('ewiser', 'cmcparlin30', 249, '2023-06-25', 37),
       ('ewiser', 'ccurdellb', 190, '2023-01-20', 51),
       ('gphilip25', 'mbeckitt85', 81, '2023-06-28', 80),
       ('tfinan1h', 'kcharkham1v', 292, '2023-04-23', 95),
       ('bhowarthc', 'egillbanks5', 40, '2023-03-02', 58),
       ('abernaldo3k', 'omccheyne26', 73, '2023-03-09', 11),
       ('tfinan1h', 'aeggerton1y', 10, '2023-06-18', 56),
       ('jkeyser3u', 'ccurdellb', 208, '2023-06-13', 87),
       ('rchichgar3w', 'tshemmin1e', 83, '2023-07-15', 54),
       ('lpeye2p', 'lcanaan9', 226, '2023-07-25', 36),
       ('bhowarthc', 'lmidghall14', 40, '2023-02-27', 38),
       ('casif1l', 'hclemo1m', 232, '2023-06-29', 85),
       ('bhowarthc', 'pculverhouse22', 213, '2023-10-29', 45),
       ('mmacfarlane1f', 'rstrathe2e', 69, '2023-04-29', 75),
       ('ewiser', 'grisen18', 73, '2023-04-13', 75),
       ('jagett10', 'jkeyser3u', 130, '2023-07-01', 31),
       ('lpeye2p', 'ssavory23', 75, '2023-08-15', 13),
       ('abernaldo3k', 'cstrelitzer87', 94, '2023-03-28', 47),
       ('eheeneyk', 'zantonin17', 291, '2023-01-13', 1),
       ('gshawl29', 'lcaffery1j', 18, '2023-03-19', 29),
       ('rmacdearmid23', 'ejuett3s', 192, '2023-07-26', 8),
       ('lcaffery1j', 'omelbury3e', 116, '2023-01-01', 48),
       ('kgooderick1d', 'tfessions1z', 118, '2023-05-23', 29),
       ('tghirigori1c', 'cnabarro8', 196, '2023-02-03', 94),
       ('tcornillir', 'cpetry1l', 270, '2023-11-03', 84),
       ('hdoumerque2r', 'ghabben1m', 272, '2023-01-11', 49),
       ('gphilip25', 'dkryszka2t', 250, '2023-10-08', 18),
       ('aniceberg', 'msevers81', 50, '2022-12-23', 68),
       ('tgoakesj', 'gbunt88', 140, '2023-03-24', 98),
       ('alamke42', 'kfautly8b', 211, '2023-10-18', 32),
       ('jkeyser3u', 'jsemered2j', 142, '2023-08-08', 24),
       ('jagett10', 'rmarklund22', 222, '2023-06-20', 15),
       ('bhowarthc', 'hsalandino1q', 192, '2023-11-18', 66),
       ('lrustman40', 'lparradiceq', 14, '2023-03-21', 71),
       ('eheeneyk', 'rgajewski3y', 168, '2023-01-28', 10),
       ('rmacdearmid23', 'aeggerton1y', 256, '2023-11-26', 94),
       ('drosenbaum1i', 'vgisburne38', 161, '2023-10-08', 64),
       ('tghirigori1c', 'gmendez39', 66, '2023-03-30', 80),
       ('astubbings2v', 'sparkes1', 201, '2022-12-22', 38),
       ('tcornillir', 'pculverhouse22', 268, '2023-05-05', 70),
       ('pgiovanardi3f', 'rgajewski3y', 129, '2023-10-21', 88),
       ('kvercruysse3g', 'ataverner16', 23, '2023-05-27', 90),
       ('bcapner1d', 'cbousfield1i', 241, '2023-05-12', 98),
       ('ncoolbear9', 'ssavory23', 31, '2023-06-14', 9),
       ('ljarvie1x', 'jitzhayek45', 39, '2023-06-01', 90),
       ('kvercruysse3g', 'tjoncic0', 76, '2023-10-22', 69),
       ('bwhitnall3i', 'pdilliway2', 166, '2023-10-21', 82),
       ('xmaldin8', 'tgoakesj', 165, '2023-06-28', 68),
       ('tgoakesj', 'htrimble3d', 81, '2023-08-01', 11),
       ('trandles35', 'ieberz3o', 24, '2023-02-23', 82),
       ('bhowarthc', 'thabble25', 35, '2023-07-25', 66),
       ('jgrinston2x', 'fhasluck3z', 210, '2023-10-04', 63),
       ('jgrinston2x', 'kblumson2u', 83, '2023-11-03', 69),
       ('htrimble3d', 'rsearl1g', 227, '2023-04-25', 17),
       ('bwyant1f', 'dedinburough3t', 39, '2023-11-26', 49),
       ('kcharkham1v', 'lmartynikhinu', 144, '2023-03-08', 57),
       ('mmacfarlane1f', 'thabble25', 5, '2022-12-26', 81),
       ('estorekw', 'bboytond', 47, '2023-01-17', 20),
       ('kgooderick1d', 'tjosskoviz2k', 77, '2023-10-30', 63),
       ('tviegas8a', 'lparradiceq', 228, '2022-12-24', 99);


# SELECT qualifiedSince
# FROM PersonalTrainer;