USE Shmoop;

-- General user mock data
INSERT INTO GeneralUser (username, firstName, lastName, birthday, dateJoined, email, phone, sex, street, state, zip,
                         country, height, weight)
VALUES ('rissitt0', 'Ronnie', 'Issitt', '1976-02-20', '2008-06-12 02:26:23', 'rissitt0@disqus.com', '7147543417', 'F',
        '5609 Kim Drive', 'CA', '95128', 'United States', 53, 396),
       ('sparkes1', 'Stacee', 'Parkes', '1947-11-04', '2018-06-22 11:30:39', 'sparkes1@globo.com', '3042835336', 'F',
        '1128 Arkansas Street', 'WV', '25356', 'United States', 69, 330),
       ('jmoring2', 'Josefa', 'Moring', '2001-07-05', '2015-12-01 14:26:19', 'jmoring2@icq.com', '2812693377', 'F',
        '74619 Old Shore Point', 'TX', '77346', 'United States', 80, 258),
       ('rbernade3', 'Rudie', 'Bernade', '1976-04-17', '2007-12-07 13:06:07', 'rbernade3@geocities.com', '2124556551',
        'M', '15 Fairview Court', 'NY', '10131', 'United States', 75, 399),
       ('emion4', 'Emmey', 'Mion', '1998-04-18', '2010-09-17 03:32:15', 'emion4@nasa.gov', '8039546180', 'F',
        '9604 Brown Road', 'SC', '29240', 'United States', 77, 295),
       ('egillbanks5', 'Evvie', 'Gillbanks', '1969-12-08', '2014-02-09 09:41:28', 'egillbanks5@bandcamp.com',
        '8085935264', 'F', '602 Mcguire Point', 'HI', '96815', 'United States', 63, 296),
       ('bwhymark6', 'Bret', 'Whymark', '1992-11-03', '2011-06-03 16:31:19', 'bwhymark6@seesaa.net', '6125319903', 'M',
        '220 Hoard Lane', 'MN', '55436', 'United States', 64, 153),
       ('mmercey7', 'Monti', 'Mercey', '1953-12-13', '2015-03-27 15:45:24', 'mmercey7@cdc.gov', '6463350784', 'M',
        '8284 Autumn Leaf Hill', 'NY', '10175', 'United States', 84, 310),
       ('xmaldin8', 'Xever', 'Maldin', '1963-05-11', '2016-04-27 15:57:36', 'xmaldin8@vinaora.com', '8014343378', 'M',
        '54736 Corry Alley', 'UT', '84145', 'United States', 65, 376),
       ('lcanaan9', 'Ludvig', 'Canaan', '1942-11-13', '2021-08-07 00:27:59', 'lcanaan9@dagondesign.com', '4806715410',
        'M', '77 Nevada Point', 'AZ', '85219', 'United States', 82, 312),
       ('oguitton11', 'Obed', 'Guitton', '1996-08-19', '2013-08-26 10:40:38', 'oguitton11@dmoz.org', '2146827719', 'M',
        '371 Rockefeller Road', 'TX', '75358', 'United States', 77, 86),
       ('lkenton12', 'Lonnie', 'Kenton', '1943-02-24', '2012-02-04 04:28:05', 'lkenton12@whitehouse.gov', '6145194602',
        'F', '095 Dottie Center', 'OH', '43231', 'United States', 52, 117),
       ('dedwick13', 'Dieter', 'Edwick', '1995-05-13', '2018-04-23 09:22:00', 'dedwick13@gravatar.com', '7275280298',
        'M', '75159 Barby Road', 'FL', '33710', 'United States', 72, 104),
       ('lmidghall14', 'Loydie', 'Midghall', '1993-07-22', '2023-02-03 09:21:53', 'lmidghall14@vinaora.com',
        '6099123721', 'M', '79 School Terrace', 'NJ', '08638', 'United States', 64, 184),
       ('lvobes15', 'Lexy', 'Vobes', '1958-08-31', '2014-03-11 08:08:49', 'lvobes15@nyu.edu', '2023075752', 'F',
        '22726 Rutledge Court', 'DC', '20397', 'United States', 77, 302),
       ('ataverner16', 'Abagael', 'Taverner', '1986-03-27', '2014-07-25 22:57:27', 'ataverner16@joomla.org',
        '7138433884', 'F', '71 Scofield Place', 'TX', '77386', 'United States', 63, 330),
       ('wriba17', 'Woodie', 'Riba', '1946-10-20', '2022-08-04 16:00:09', 'wriba17@wsj.com', '4062605349', 'M',
        '14 Huxley Terrace', 'MT', '59623', 'United States', 69, 211),
       ('grisen18', 'Glad', 'Risen', '1947-10-19', '2021-08-18 14:32:50', 'grisen18@cornell.edu', '2025923175', 'F',
        '958 Hoffman Terrace', 'DC', '20503', 'United States', 52, 177),
       ('lpatman19', 'Linoel', 'Patman', '1960-06-26', '2010-05-12 06:13:22', 'lpatman19@google.de', '9701818420', 'M',
        '2653 8th Place', 'CO', '80638', 'United States', 50, 362),
       ('wfarguhar1a', 'Wynnie', 'Farguhar', '1950-01-19', '2022-11-22 09:27:32', 'wfarguhar1a@etsy.com', '2124836229',
        'F', '0467 Morning Court', 'NY', '10079', 'United States', 56, 333),
       ('cfeirn1b', 'Carissa', 'Feirn', '2003-07-09', '2014-06-01 00:32:18', 'cfeirn1b@reuters.com', '9527618658', 'F',
        '742 Crest Line Plaza', 'MN', '55579', 'United States', 69, 323),
       ('tghirigori1c', 'Tonnie', 'Ghirigori', '1955-06-21', '2023-02-27 06:17:57', 'tghirigori1c@youtube.com',
        '2126090590', 'M', '36745 Sachs Court', 'NY', '11231', 'United States', 61, 179),
       ('bcapner1d', 'Brewster', 'Capner', '1970-03-22', '2020-03-17 03:22:52', 'bcapner1d@vimeo.com', '8039311572',
        'M', '0610 Sauthoff Terrace', 'SC', '29805', 'United States', 58, 173),
       ('npratton1e', 'Nelli', 'Pratton', '1969-05-23', '2005-10-19 09:35:33', 'npratton1e@ebay.com', '7735667378', 'F',
        '751 Doe Crossing Trail', 'IL', '60619', 'United States', 79, 335),
       ('mmacfarlane1f', 'Michel', 'MacFarlane', '1961-04-24', '2006-11-01 03:18:12', 'mmacfarlane1f@auda.org.au',
        '3057202232', 'F', '871 Sloan Trail', 'FL', '33261', 'United States', 53, 83),
       ('kbaudinot1g', 'Kippy', 'Baudinot', '1984-03-22', '2020-06-23 00:25:28', 'kbaudinot1g@friendfeed.com',
        '3028362867', 'M', '74 Bellgrove Terrace', 'DE', '19892', 'United States', 56, 281),
       ('lprior1h', 'Lina', 'Prior', '1935-06-21', '2016-03-11 09:20:22', 'lprior1h@etsy.com', '6084904768', 'F',
        '22 Lotheville Court', 'WI', '53716', 'United States', 69, 249),
       ('drosenbaum1i', 'Dewie', 'Rosenbaum', '2004-09-24', '2022-01-17 05:12:04', 'drosenbaum1i@zdnet.com',
        '2021776719', 'M', '0029 Caliangt Drive', 'DC', '20319', 'United States', 55, 208),
       ('lcaffery1j', 'Loydie', 'Caffery', '1969-02-07', '2021-09-10 03:25:46', 'lcaffery1j@w3.org', '4064545731', 'M',
        '8 Trailsway Lane', 'MT', '59623', 'United States', 79, 311),
       ('etompkin1k', 'Eartha', 'Tompkin', '1964-09-11', '2014-12-27 00:34:16', 'etompkin1k@patch.com', '5592063370',
        'F', '1 Raven Parkway', 'CA', '93778', 'United States', 82, 260),
       ('cpetry1l', 'Crissy', 'Petry', '1941-02-03', '2017-09-18 23:28:53', 'cpetry1l@wufoo.com', '2168003487', 'F',
        '3 Hudson Trail', 'OH', '44130', 'United States', 55, 199),
       ('hclemo1m', 'Hewet', 'Clemo', '1948-10-02', '2009-09-16 23:49:18', 'hclemo1m@prnewswire.com', '4175249506', 'M',
        '465 Mallory Court', 'MO', '65898', 'United States', 52, 321),
       ('hhindrich1y', 'Hedvig', 'Hindrich', '1981-02-02', '2009-09-16 19:21:34', 'hhindrich1y@nih.gov', '2038542534',
        'F', '8279 Mandrake Junction', 'CT', '06105', 'United States', 68, 111),
       ('tstollberg1z', 'Terry', 'Stollberg', '1939-11-20', '2011-04-02 15:57:09', 'tstollberg1z@uiuc.edu',
        '7579895663', 'M', '4134 Mayfield Plaza', 'VA', '23612', 'United States', 49, 358),
       ('bnapoleone20', 'Blinnie', 'Napoleone', '1973-11-13', '2009-12-28 01:41:40', 'bnapoleone20@unc.edu',
        '5746378072', 'F', '0360 Evergreen Place', 'IN', '46614', 'United States', 62, 344),
       ('hhuggard21', 'Hartley', 'Huggard', '2002-02-26', '2007-09-10 07:56:57', 'hhuggard21@economist.com',
        '3525615491', 'M', '45005 Independence Plaza', 'FL', '32627', 'United States', 60, 363),
       ('rmarklund22', 'Raffaello', 'Marklund', '1930-12-19', '2010-10-08 01:55:16', 'rmarklund22@nbcnews.com',
        '8501881072', 'M', '07 Moulton Street', 'FL', '32511', 'United States', 67, 187),
       ('ssavory23', 'Syd', 'Savory', '2004-05-17', '2020-06-14 08:54:19', 'ssavory23@auda.org.au', '3011533178', 'M',
        '2330 Drewry Place', 'MD', '20910', 'United States', 76, 354),
       ('kdahlback24', 'Kit', 'Dahlback', '1997-05-19', '2012-12-05 10:00:58', 'kdahlback24@tinypic.com', '5712922478',
        'F', '246 1st Road', 'VA', '22119', 'United States', 50, 154),
       ('gphilip25', 'Guido', 'Philip', '1946-04-30', '2017-05-08 08:51:36', 'gphilip25@sciencedirect.com',
        '2129958526', 'M', '4244 Bayside Junction', 'NY', '10292', 'United States', 80, 277),
       ('omccheyne26', 'Ortensia', 'McCheyne', '1970-04-14', '2012-01-22 15:22:19', 'omccheyne26@sciencedirect.com',
        '2028612057', 'F', '196 Burrows Alley', 'DC', '20226', 'United States', 54, 334),
       ('qsinkin27', 'Quincy', 'Sinkin', '1956-03-23', '2013-08-30 15:53:35', 'qsinkin27@networksolutions.com',
        '4192728295', 'M', '4073 Old Gate Pass', 'OH', '43666', 'United States', 63, 254),
       ('elamburn28', 'Elia', 'Lamburn', '1941-10-16', '2010-12-14 22:17:02', 'elamburn28@csmonitor.com', '5053032822',
        'M', '3778 Express Street', 'NM', '87190', 'United States', 68, 218),
       ('ahallworth7o', 'Almeda', 'Hallworth', '1979-01-17', '2011-09-10 04:03:12', 'ahallworth7o@ehow.com',
        '2102113236', 'F', '114 Bellgrove Place', 'TX', '78250', 'United States', 84, 388),
       ('swretham7z', 'Stafford', 'Wretham', '1951-07-03', '2017-01-15 07:58:32', 'swretham7z@apple.com', '3166032186',
        'M', '4590 Nevada Trail', 'KS', '67220', 'United States', 75, 184),
       ('keva80', 'Kevin', 'Eva', '1980-04-07', '2011-09-12 04:24:54', 'keva80@exblog.jp', '7194170442', 'M',
        '23 American Park', 'CO', '80951', 'United States', 81, 366),
       ('msevers81', 'Munroe', 'Severs', '1969-02-21', '2012-12-14 11:37:05', 'msevers81@plala.or.jp', '2024230585',
        'M', '90 Maryland Street', 'DC', '20525', 'United States', 80, 214),
       ('lgreguoli82', 'Leena', 'Greguoli', '1963-04-14', '2016-04-03 05:57:53', 'lgreguoli82@guardian.co.uk',
        '4083233613', 'F', '1 David Center', 'CA', '95133', 'United States', 49, 372),
       ('scoysh83', 'Sherye', 'Coysh', '1993-09-17', '2015-02-10 11:39:34', 'scoysh83@abc.net.au', '3309708226', 'F',
        '96551 Hoffman Trail', 'OH', '44329', 'United States', 50, 140),
       ('fnial84', 'Franklyn', 'Nial', '1939-05-17', '2008-09-21 06:28:54', 'fnial84@geocities.jp', '6146252030', 'M',
        '5 Kropf Alley', 'OH', '43268', 'United States', 79, 375),
       ('mbeckitt85', 'Mahmud', 'Beckitt', '1962-08-28', '2008-08-19 10:56:10', 'mbeckitt85@nsw.gov.au', '3375641634',
        'M', '75050 Forest Dale Hill', 'LA', '70593', 'United States', 71, 156),
       ('bbarzen86', 'Ban', 'Barzen', '1972-03-14', '2015-02-03 08:05:23', 'bbarzen86@google.co.jp', '5041193726', 'M',
        '00 Fieldstone Terrace', 'LA', '70149', 'United States', 71, 81),
       ('cstrelitzer87', 'Carrie', 'Strelitzer', '1968-10-03', '2016-09-27 01:49:03', 'cstrelitzer87@alibaba.com',
        '5029864405', 'F', '3425 Bluejay Pass', 'KY', '40256', 'United States', 72, 383),
       ('gbunt88', 'Gregorius', 'Bunt', '1961-02-23', '2010-05-07 00:06:46', 'gbunt88@salon.com', '7859364265', 'M',
        '69 Milwaukee Park', 'KS', '66699', 'United States', 74, 261),
       ('rsell89', 'Roderigo', 'Sell', '1970-02-03', '2006-12-17 22:37:50', 'rsell89@japanpost.jp', '3139714506', 'M',
        '804 Brown Way', 'MI', '48217', 'United States', 78, 200),
       ('tviegas8a', 'Timothy', 'Viegas', '1969-09-03', '2012-10-04 14:40:47', 'tviegas8a@rediff.com', '2196562745',
        'M', '93 Bluejay Alley', 'IN', '46406', 'United States', 52, 131),
       ('kfautly8b', 'Korry', 'Fautly', '1990-03-17', '2013-03-31 22:52:58', 'kfautly8b@yahoo.co.jp', '3342361261', 'F',
        '64 Gateway Center', 'AL', '36119', 'United States', 72, 340),
       ('tjoncic0', 'Teresina', 'Joncic', '2002-03-15', '2017-02-26 00:58:07', 'tjoncic0@multiply.com', '8178915847',
        'F', '4188 Susan Park', 'TX', '76129', 'United States', 49, 149),
       ('sfosse1', 'Sherry', 'Fosse', '2003-05-13', '2019-05-04 21:24:32', 'sfosse1@bloomberg.com', '6611561107', 'F',
        '39 Lake View Court', 'CA', '91505', 'United States', 69, 261),
       ('pdilliway2', 'Papageno', 'Dilliway', '1994-05-02', '2011-06-21 21:22:30', 'pdilliway2@cornell.edu',
        '7703160918', 'M', '681 Milwaukee Plaza', 'GA', '30066', 'United States', 64, 187),
       ('rpuckham3', 'Rock', 'Puckham', '1999-10-01', '2011-03-12 07:16:51', 'rpuckham3@hatena.ne.jp', '8043542579',
        'M', '6 Sutteridge Junction', 'VA', '23208', 'United States', 79, 290),
       ('gbanister4', 'Grayce', 'Banister', '2003-01-13', '2012-07-27 16:58:08', 'gbanister4@amazon.co.jp',
        '8011261052', 'F', '39934 Hooker Road', 'UT', '84199', 'United States', 69, 221),
       ('nburtwhistle5', 'Nolana', 'Burtwhistle', '1978-06-08', '2011-03-28 19:59:05', 'nburtwhistle5@cbsnews.com',
        '3369386659', 'F', '728 Gina Crossing', 'NC', '27499', 'United States', 83, 208),
       ('mscoggan6', 'Mab', 'Scoggan', '1992-01-12', '2012-12-22 10:56:59', 'mscoggan6@mit.edu', '9154411236', 'F',
        '570 Westerfield Center', 'TX', '79923', 'United States', 83, 299),
       ('thigounet7', 'Tomasina', 'Higounet', '2008-03-19', '2023-12-06 18:36:34', 'thigounet7@wordpress.com',
        '3614578454', 'F', '540 Pankratz Parkway', 'TX', '78426', 'United States', 75, 262),
       ('cnabarro8', 'Cristionna', 'Nabarro', '1997-10-11', '2009-07-16 21:47:51', 'cnabarro8@hud.gov', '9049176423',
        'F', '2 Larry Alley', 'FL', '32236', 'United States', 54, 264),
       ('ncoolbear9', 'Noelani', 'Coolbear', '2010-01-11', '2011-02-25 08:23:07', 'ncoolbear9@imageshack.us',
        '5159891074', 'F', '143 Pawling Park', 'IA', '50369', 'United States', 51, 286),
       ('atrowela', 'Anstice', 'Trowel', '1982-11-19', '2021-05-01 01:31:07', 'atrowela@github.com', '5022667018', 'F',
        '36 Jenna Street', 'KY', '41905', 'United States', 73, 103),
       ('ccurdellb', 'Courtney', 'Curdell', '2000-01-17', '2014-01-02 18:31:36', 'ccurdellb@slideshare.net',
        '9159878862', 'M', '8573 Melody Terrace', 'TX', '88584', 'United States', 59, 234),
       ('bhowarthc', 'Bambie', 'Howarth', '1991-03-24', '2010-09-25 07:17:21', 'bhowarthc@skype.com', '3155385528', 'F',
        '41752 Homewood Junction', 'NY', '13217', 'United States', 59, 271),
       ('bboytond', 'Bogart', 'Boyton', '2002-05-08', '2020-11-26 21:18:36', 'bboytond@jalbum.net', '3396396406', 'M',
        '436 Tomscot Trail', 'MA', '01813', 'United States', 73, 288),
       ('jwante', 'Jeramie', 'Want', '1990-11-16', '2020-01-07 18:24:06', 'jwante@netlog.com', '5591257417', 'M',
        '61687 Farwell Lane', 'CA', '93704', 'United States', 58, 294),
       ('credingtonf', 'Cletus', 'Redington', '1980-12-10', '2008-10-24 04:34:12', 'credingtonf@mozilla.com',
        '6019141640', 'M', '4 Armistice Drive', 'MS', '39210', 'United States', 74, 141),
       ('ygageng', 'Yovonnda', 'Gagen', '1989-02-21', '2019-07-28 10:12:27', 'ygageng@example.com', '9195100880', 'F',
        '00659 International Parkway', 'NC', '27690', 'United States', 67, 234),
       ('chumbellh', 'Claudian', 'Humbell', '1988-10-20', '2016-05-09 17:47:16', 'chumbellh@epa.gov', '8131780554', 'M',
        '026 Arapahoe Road', 'FL', '33694', 'United States', 52, 112),
       ('cbrauningeri', 'Caz', 'Brauninger', '1989-11-16', '2017-05-19 23:59:17', 'cbrauningeri@w3.org', '9372134133',
        'M', '31 Forest Drive', 'OH', '45414', 'United States', 52, 230),
       ('tgoakesj', 'Trenton', 'Goakes', '1987-08-27', '2017-09-06 07:33:43', 'tgoakesj@about.me', '6036042571', 'M',
        '61032 Forest Run Drive', 'NH', '03804', 'United States', 48, 176),
       ('eheeneyk', 'Ermina', 'Heeney', '1986-11-17', '2019-04-09 00:26:20', 'eheeneyk@arstechnica.com', '2251439250',
        'F', '13 Debra Point', 'LA', '70820', 'United States', 58, 107),
       ('wgurnelll', 'Winnie', 'Gurnell', '1978-07-04', '2021-04-09 23:17:41', 'wgurnelll@ox.ac.uk', '6028379951', 'M',
        '4354 Green Terrace', 'AZ', '85311', 'United States', 53, 164),
       ('kbrewoodm', 'Kareem', 'Brewood', '1998-01-05', '2022-12-21 15:32:31', 'kbrewoodm@dropbox.com', '4327085331',
        'M', '035 Marcy Junction', 'TX', '79705', 'United States', 64, 105),
       ('wsandilandsn', 'Westbrooke', 'Sandilands', '1999-05-04', '2023-04-23 22:54:01', 'wsandilandsn@edublogs.org',
        '3156246771', 'M', '44 Fuller Terrace', 'NY', '13251', 'United States', 80, 211),
       ('jmcpakeo', 'Jammal', 'McPake', '2003-01-21', '2015-11-17 07:17:48', 'jmcpakeo@answers.com', '8599413911', 'M',
        '103 Lawn Place', 'KY', '40505', 'United States', 72, 114),
       ('rsedgemondp', 'Riordan', 'Sedgemond', '1979-06-19', '2014-02-22 00:45:52', 'rsedgemondp@amazonaws.com',
        '7148803646', 'M', '72 Longview Junction', 'CA', '92822', 'United States', 76, 252),
       ('lparradiceq', 'Lock', 'Parradice', '1984-11-01', '2012-09-24 08:03:34', 'lparradiceq@patch.com', '9165723298',
        'M', '4 Glendale Lane', 'CA', '95865', 'United States', 57, 165),
       ('tcornillir', 'Tonia', 'Cornilli', '1999-01-03', '2009-04-01 18:20:06', 'tcornillir@tinyurl.com', '2543251430',
        'F', '4364 Sutherland Park', 'TX', '76505', 'United States', 75, 151),
       ('sdowdalls', 'Sydel', 'Dowdall', '1996-08-07', '2016-12-08 09:09:55', 'sdowdalls@timesonline.co.uk',
        '8306773585', 'F', '34 Darwin Crossing', 'TX', '78260', 'United States', 71, 296),
       ('dpickovert', 'Delores', 'Pickover', '1983-05-03', '2011-04-21 12:02:15', 'dpickovert@rakuten.co.jp',
        '9168648543', 'F', '35 Forest Run Place', 'CA', '94297', 'United States', 72, 159),
       ('lmartynikhinu', 'Levon', 'Martynikhin', '1998-09-21', '2009-07-31 05:59:35', 'lmartynikhinu@cnet.com',
        '4124202431', 'M', '6645 Lotheville Park', 'PA', '15230', 'United States', 56, 253),
       ('bdooneyv', 'Benton', 'Dooney', '1984-01-20', '2023-10-02 16:20:23', 'bdooneyv@stumbleupon.com', '8321971802',
        'M', '91165 Bashford Lane', 'TX', '77055', 'United States', 65, 273),
       ('estorekw', 'Elisabeth', 'Storek', '1981-05-11', '2008-07-24 00:08:48', 'estorekw@newsvine.com', '9544400260',
        'F', '2402 Golf Course Avenue', 'FL', '33305', 'United States', 79, 156),
       ('mmcgirlx', 'Margareta', 'McGirl', '2008-04-29', '2017-08-28 06:47:32', 'mmcgirlx@list-manage.com',
        '6022728835', 'F', '3199 Commercial Circle', 'AZ', '85067', 'United States', 79, 272),
       ('emckeaneyy', 'Eamon', 'McKeaney', '2002-12-25', '2019-02-26 23:30:38', 'emckeaneyy@nba.com', '2543227648', 'M',
        '606 Northview Avenue', 'TX', '76711', 'United States', 79, 111),
       ('abrithmanz', 'Alfredo', 'Brithman', '2001-10-11', '2014-03-11 03:52:28', 'abrithmanz@xinhuanet.com',
        '9176278270', 'M', '49 Dottie Road', 'NY', '10034', 'United States', 82, 268),
       ('jagett10', 'Jarid', 'Agett', '1982-12-21', '2014-04-12 02:04:04', 'jagett10@comsenz.com', '3373374068', 'M',
        '38266 Schiller Alley', 'LA', '70505', 'United States', 66, 111),
       ('kfenge11', 'Karita', 'Fenge', '1990-04-25', '2022-12-14 21:14:53', 'kfenge11@unicef.org', '8599303786', 'F',
        '53284 Di Loreto Place', 'KY', '40596', 'United States', 79, 258),
       ('mmerigot12', 'Mitch', 'Merigot', '2007-12-20', '2015-12-09 06:45:35', 'mmerigot12@geocities.com', '7029339632',
        'M', '63 Summit Plaza', 'NV', '89150', 'United States', 70, 252),
       ('rbridat13', 'Rois', 'Bridat', '1988-09-02', '2021-09-30 03:26:21', 'rbridat13@apache.org', '3182000334', 'F',
        '3510 Mccormick Park', 'LA', '71166', 'United States', 78, 181),
       ('ogrindley14', 'Orella', 'Grindley', '1981-11-10', '2008-11-02 17:20:36', 'ogrindley14@kickstarter.com',
        '7856337384', 'F', '92 Crowley Plaza', 'KS', '66606', 'United States', 56, 156),
       ('eburdikin15', 'Elwyn', 'Burdikin', '1999-10-28', '2013-06-27 01:07:24', 'eburdikin15@last.fm', '7732545495',
        'M', '0483 Blaine Center', 'IL', '60657', 'United States', 66, 121),
       ('stedahl16', 'Skylar', 'Tedahl', '1989-12-31', '2010-01-02 12:19:51', 'stedahl16@slate.com', '3047875830', 'M',
        '11 Miller Alley', 'WV', '25721', 'United States', 78, 296),
       ('zantonin17', 'Zane', 'Antonin', '1999-03-02', '2021-03-02 13:46:34', 'zantonin17@fda.gov', '2513484000', 'M',
        '36088 Southridge Avenue', 'AL', '36622', 'United States', 61, 169),
       ('vjochen18', 'Val', 'Jochen', '1994-05-03', '2013-01-06 04:34:26', 'vjochen18@tripod.com', '5732594662', 'M',
        '4048 Bartelt Place', 'MO', '65211', 'United States', 48, 116),
       ('hdillingston19', 'Heinrick', 'Dillingston', '1987-04-05', '2010-08-28 02:04:34', 'hdillingston19@t.co',
        '7632192084', 'M', '81776 Grim Alley', 'MN', '55585', 'United States', 72, 199),
       ('cmogg1a', 'Conway', 'Mogg', '1976-03-09', '2024-04-04 19:59:36', 'cmogg1a@seattletimes.com', '5125266791', 'M',
        '14252 Myrtle Hill', 'TX', '78682', 'United States', 68, 240),
       ('mmaycock1b', 'Merle', 'Maycock', '2008-01-25', '2022-04-05 10:56:50', 'mmaycock1b@netlog.com', '5132071218',
        'M', '0820 Harbort Terrace', 'OH', '45208', 'United States', 76, 262),
       ('iobell1c', 'Israel', 'Obell', '2006-09-01', '2009-02-02 13:19:17', 'iobell1c@example.com', '8046661878', 'M',
        '08 Huxley Plaza', 'VA', '23213', 'United States', 80, 120),
       ('kgooderick1d', 'Kettie', 'Gooderick', '1999-09-29', '2009-08-26 08:26:32', 'kgooderick1d@4shared.com',
        '7578913818', 'F', '1 Caliangt Pass', 'VA', '23705', 'United States', 80, 149),
       ('tshemmin1e', 'Thurston', 'Shemmin', '1996-04-06', '2016-08-27 02:01:52', 'tshemmin1e@etsy.com', '9016742378',
        'M', '404 Esch Alley', 'TN', '38168', 'United States', 73, 127),
       ('bwyant1f', 'Brita', 'Wyant', '1989-03-16', '2023-09-27 06:54:43', 'bwyant1f@dot.gov', '2029980890', 'F',
        '8232 Orin Lane', 'DC', '20530', 'United States', 61, 206),
       ('rsearl1g', 'Rosemaria', 'Searl', '1983-08-26', '2024-03-18 09:19:59', 'rsearl1g@geocities.com', '7061657377',
        'F', '1566 Eastwood Point', 'GA', '31914', 'United States', 80, 221),
       ('tfinan1h', 'Tyrus', 'Finan', '1984-06-04', '2024-05-25 02:27:28', 'tfinan1h@github.com', '8169067697', 'M',
        '5566 Manley Road', 'MO', '64187', 'United States', 71, 142),
       ('cbousfield1i', 'Correy', 'Bousfield', '1990-05-01', '2018-05-11 07:38:36', 'cbousfield1i@cloudflare.com',
        '5615911798', 'M', '85400 Northwestern Court', 'FL', '33432', 'United States', 57, 158),
       ('cdelascy1j', 'Carmela', 'De Lascy', '2008-01-21', '2009-03-07 14:48:39', 'cdelascy1j@linkedin.com',
        '4022497832', 'F', '93 Pearson Way', 'NE', '68124', 'United States', 57, 126),
       ('greckus1k', 'Giorgia', 'Reckus', '1995-02-20', '2016-08-02 12:21:25', 'greckus1k@lulu.com', '8137216974', 'F',
        '09 Everett Parkway', 'FL', '33758', 'United States', 68, 157),
       ('casif1l', 'Corabelle', 'Asif', '1984-01-25', '2018-07-10 08:59:28', 'casif1l@gizmodo.com', '5055742548', 'F',
        '77422 Mallard Parkway', 'NM', '87195', 'United States', 76, 141),
       ('ghabben1m', 'Gisela', 'Habben', '1977-07-15', '2024-01-14 17:12:11', 'ghabben1m@163.com', '2038128416', 'F',
        '53278 Hazelcrest Court', 'CT', '06505', 'United States', 62, 127),
       ('mivachyov1n', 'Mike', 'Ivachyov', '1978-08-21', '2022-12-09 06:54:24', 'mivachyov1n@friendfeed.com',
        '9528100647', 'M', '1 Glendale Circle', 'MN', '55579', 'United States', 64, 164),
       ('calsina1o', 'Celisse', 'Alsina', '1983-11-04', '2022-09-15 23:16:49', 'calsina1o@multiply.com', '7021019485',
        'F', '20 Nevada Road', 'NV', '89125', 'United States', 55, 297),
       ('tbowlands1p', 'Trueman', 'Bowlands', '2008-12-15', '2013-03-20 14:51:57', 'tbowlands1p@edublogs.org',
        '4028702938', 'M', '162 Kim Park', 'NE', '68105', 'United States', 56, 239),
       ('hsalandino1q', 'Hieronymus', 'Salandino', '2005-02-11', '2010-09-15 06:42:32', 'hsalandino1q@ft.com',
        '7132232078', 'M', '17558 Lighthouse Bay Pass', 'TX', '77045', 'United States', 68, 101),
       ('whatt1r', 'Wesley', 'Hatt', '1989-07-16', '2017-04-02 09:06:11', 'whatt1r@google.it', '3309150429', 'M',
        '0167 Kinsman Drive', 'OH', '44329', 'United States', 82, 137),
       ('vfranzschoninger1s', 'Verina', 'Franz-Schoninger', '1981-11-20', '2013-01-07 09:15:20',
        'vfranzschoninger1s@hp.com', '6262980389', 'F', '02473 Thackeray Drive', 'CA', '90025', 'United States', 56,
        188),
       ('iseer1t', 'Iris', 'Seer', '1993-12-25', '2021-06-21 01:15:27', 'iseer1t@yahoo.co.jp', '5099322846', 'F',
        '27 Dakota Street', 'WA', '99260', 'United States', 48, 252),
       ('alangtry1u', 'Ambrosi', 'Langtry', '2000-12-29', '2014-01-25 05:48:38', 'alangtry1u@desdev.cn', '3302477429',
        'M', '35815 Northwestern Alley', 'OH', '44720', 'United States', 83, 193),
       ('kcharkham1v', 'Kurtis', 'Charkham', '2000-10-14', '2018-03-08 02:54:36', 'kcharkham1v@cdbaby.com',
        '7131533626', 'M', '780 Arizona Circle', 'TX', '77260', 'United States', 59, 105),
       ('kwoodman1w', 'Korrie', 'Woodman', '1985-01-19', '2019-12-20 03:44:04', 'kwoodman1w@sfgate.com', '6023700875',
        'F', '32420 Saint Paul Parkway', 'AZ', '85205', 'United States', 48, 262),
       ('ljarvie1x', 'Lorrie', 'Jarvie', '2005-09-13', '2017-10-29 15:38:55', 'ljarvie1x@wikimedia.org', '8063125968',
        'F', '5 Melvin Point', 'TX', '79118', 'United States', 67, 231),
       ('aeggerton1y', 'Alon', 'Eggerton', '1980-06-06', '2012-10-01 23:20:14', 'aeggerton1y@friendfeed.com',
        '4076859017', 'M', '29 Arizona Park', 'FL', '32118', 'United States', 50, 128),
       ('tfessions1z', 'Tonnie', 'Fessions', '1987-02-26', '2015-08-22 03:52:05', 'tfessions1z@pagesperso-orange.fr',
        '6506426922', 'M', '854 Erie Circle', 'CA', '95113', 'United States', 64, 244),
       ('rgianulli20', 'Roi', 'Gianulli', '1992-01-26', '2017-07-22 00:19:31', 'rgianulli20@webnode.com', '2124164047',
        'M', '8737 Spaight Place', 'NY', '10090', 'United States', 75, 128),
       ('pduffil21', 'Paola', 'Duffil', '2001-11-18', '2019-09-28 17:40:33', 'pduffil21@hatena.ne.jp', '8588850464',
        'F', '68 Ludington Junction', 'CA', '92145', 'United States', 73, 198),
       ('pculverhouse22', 'Pooh', 'Culverhouse', '1984-10-27', '2024-06-07 23:12:07', 'pculverhouse22@skyrock.com',
        '2341842067', 'F', '52 Bonner Way', 'OH', '44393', 'United States', 55, 149),
       ('rmacdearmid23', 'Rafi', 'MacDearmid', '1985-01-14', '2013-10-25 19:32:02', 'rmacdearmid23@arizona.edu',
        '3301416478', 'M', '328 Graceland Park', 'OH', '44511', 'United States', 54, 162),
       ('ltomasino24', 'Lyndsay', 'Tomasino', '2006-08-06', '2016-12-06 00:47:09', 'ltomasino24@yahoo.co.jp',
        '8045469970', 'F', '1 Surrey Avenue', 'VA', '23242', 'United States', 76, 268),
       ('thabble25', 'Trstram', 'Habble', '1976-09-11', '2016-07-22 12:10:39', 'thabble25@virginia.edu', '4237758954',
        'M', '9 Straubel Parkway', 'TN', '37405', 'United States', 83, 157),
       ('gbeeres26', 'Gleda', 'Beeres', '1979-12-23', '2024-05-06 07:14:50', 'gbeeres26@accuweather.com', '9549097787',
        'F', '756 Eagle Crest Road', 'FL', '33305', 'United States', 71, 161),
       ('rmeeland27', 'Roxy', 'Meeland', '1988-03-10', '2020-02-06 08:26:48', 'rmeeland27@unc.edu', '8126536516', 'F',
        '67 Ludington Circle', 'IN', '47747', 'United States', 68, 192),
       ('deastup28', 'Dareen', 'Eastup', '1979-12-29', '2010-10-16 22:29:03', 'deastup28@facebook.com', '9728068120',
        'F', '102 Ridgeview Drive', 'TX', '75216', 'United States', 73, 286),
       ('gshawl29', 'Giraud', 'Shawl', '1991-08-30', '2010-11-28 04:59:19', 'gshawl29@narod.ru', '3178713572', 'M',
        '95506 Lillian Hill', 'IN', '46239', 'United States', 76, 280),
       ('njandl2a', 'Natasha', 'Jandl', '2004-04-21', '2010-11-04 19:46:17', 'njandl2a@themeforest.net', '8305628922',
        'F', '9080 Hagan Drive', 'TX', '78255', 'United States', 50, 154),
       ('kgiacobini2b', 'Kirstin', 'Giacobini', '1995-03-06', '2010-08-24 16:50:16', 'kgiacobini2b@imgur.com',
        '5022483358', 'F', '6 Thierer Way', 'KY', '40225', 'United States', 48, 204),
       ('rtalby2c', 'Rosco', 'Talby', '1995-06-25', '2021-06-04 10:00:08', 'rtalby2c@dailymail.co.uk', '8644961212',
        'M', '196 Fisk Lane', 'SC', '29605', 'United States', 50, 266),
       ('kmaclardie2d', 'Krista', 'MacLardie', '2006-12-17', '2016-06-13 12:25:05', 'kmaclardie2d@ocn.ne.jp',
        '8047722683', 'F', '7948 Waywood Hill', 'VA', '23260', 'United States', 49, 233),
       ('rstrathe2e', 'Rafaelita', 'Strathe', '1993-07-20', '2021-04-19 14:05:30', 'rstrathe2e@cbc.ca', '5613061359',
        'F', '5906 Warrior Trail', 'FL', '33421', 'United States', 55, 288),
       ('svalenssmith2f', 'Steffie', 'Valens-Smith', '2002-05-20', '2013-06-28 16:06:09',
        'svalenssmith2f@soundcloud.com', '3126974973', 'F', '751 Fordem Alley', 'IL', '60614', 'United States', 67,
        152),
       ('lhurich2g', 'Lari', 'Hurich', '1983-01-30', '2020-03-29 06:44:28', 'lhurich2g@bloglines.com', '5634126932',
        'F', '948 Bobwhite Point', 'IA', '52809', 'United States', 71, 243),
       ('mwestgate2h', 'Mariquilla', 'Westgate', '1982-11-20', '2009-11-02 12:07:29', 'mwestgate2h@nhs.uk',
        '9194035828', 'F', '7205 Debra Lane', 'NC', '27658', 'United States', 66, 171),
       ('aurquhart2i', 'Andi', 'Urquhart', '1985-03-15', '2018-08-20 19:36:09', 'aurquhart2i@wikipedia.org',
        '2811841321', 'F', '07646 Hallows Plaza', 'TX', '77015', 'United States', 58, 119),
       ('jsemered2j', 'Jourdan', 'Semered', '1988-11-05', '2022-03-18 12:54:17', 'jsemered2j@shutterfly.com',
        '7576168232', 'F', '87120 Rusk Hill', 'VA', '23324', 'United States', 80, 215),
       ('tjosskoviz2k', 'Tymon', 'Josskoviz', '1982-11-06', '2023-04-19 16:28:08', 'tjosskoviz2k@quantcast.com',
        '6027244950', 'M', '12 Corben Pass', 'AZ', '85010', 'United States', 70, 293),
       ('ccliff2l', 'Corissa', 'Cliff', '1983-02-17', '2018-04-13 02:47:58', 'ccliff2l@epa.gov', '8644417774', 'F',
        '22 4th Alley', 'SC', '29319', 'United States', 65, 251),
       ('kheifer2m', 'Kassie', 'Heifer', '1989-12-31', '2023-01-26 16:28:39', 'kheifer2m@g.co', '3041025562', 'F',
        '8549 Mockingbird Junction', 'WV', '25389', 'United States', 63, 128),
       ('cgoddman2n', 'Christophe', 'Goddman', '1988-08-27', '2011-03-08 11:05:06', 'cgoddman2n@google.pl',
        '2015512483', 'M', '78090 Waubesa Pass', 'NJ', '07522', 'United States', 65, 102),
       ('pschimon2o', 'Parry', 'Schimon', '1988-12-14', '2017-10-23 10:33:07', 'pschimon2o@myspace.com', '9716785399',
        'M', '42422 Stephen Court', 'OR', '97255', 'United States', 79, 164),
       ('lpeye2p', 'Lorrie', 'Peye', '1988-11-13', '2016-11-13 00:04:01', 'lpeye2p@webeden.co.uk', '5187672979', 'F',
        '895 Kipling Avenue', 'NY', '12325', 'United States', 58, 290),
       ('relvey2q', 'Roderigo', 'Elvey', '1996-02-11', '2014-04-04 13:50:10', 'relvey2q@delicious.com', '9516832582',
        'M', '869 Birchwood Court', 'CA', '92513', 'United States', 82, 252),
       ('hdoumerque2r', 'Hussein', 'Doumerque', '1986-04-04', '2019-06-27 10:36:00', 'hdoumerque2r@house.gov',
        '2124387139', 'M', '707 Mifflin Alley', 'NY', '10280', 'United States', 64, 182),
       ('aalflat2s', 'Albie', 'Alflat', '1983-11-14', '2013-11-16 00:04:34', 'aalflat2s@ed.gov', '9122447980', 'M',
        '9636 Spohn Road', 'GA', '31422', 'United States', 57, 124),
       ('dkryszka2t', 'Donalt', 'Kryszka', '1980-05-11', '2023-03-22 07:27:27', 'dkryszka2t@boston.com', '9716439319',
        'M', '505 Victoria Lane', 'OR', '97312', 'United States', 49, 138),
       ('kblumson2u', 'Katine', 'Blumson', '1999-11-22', '2020-08-25 11:12:14', 'kblumson2u@fotki.com', '7199709361',
        'F', '5 Canary Point', 'CO', '80920', 'United States', 83, 202),
       ('astubbings2v', 'Aurel', 'Stubbings', '2009-12-03', '2021-07-02 13:11:55', 'astubbings2v@last.fm', '9362659016',
        'F', '94907 Service Junction', 'TX', '77305', 'United States', 66, 172),
       ('lmillimoe2w', 'Lawrence', 'Millimoe', '1994-05-20', '2008-07-05 17:55:29', 'lmillimoe2w@japanpost.jp',
        '5128254352', 'M', '9316 Charing Cross Center', 'TX', '78778', 'United States', 55, 221),
       ('jgrinston2x', 'Jeramie', 'Grinston', '2005-10-14', '2013-10-02 04:58:39', 'jgrinston2x@squidoo.com',
        '2814972865', 'M', '987 Ryan Avenue', 'TX', '77040', 'United States', 58, 146),
       ('amcgowan2y', 'Aymer', 'McGowan', '1992-01-16', '2011-11-20 19:58:43', 'amcgowan2y@cdc.gov', '5167860735', 'M',
        '96 Kim Crossing', 'NY', '11044', 'United States', 73, 282),
       ('vgouley2z', 'Virginia', 'Gouley', '1989-06-29', '2009-10-19 19:03:13', 'vgouley2z@blog.com', '8165355098', 'F',
        '207 Comanche Lane', 'MO', '64190', 'United States', 75, 148),
       ('cmcparlin30', 'Cassy', 'McParlin', '1982-09-29', '2012-02-12 02:53:52', 'cmcparlin30@over-blog.com',
        '3147880163', 'F', '76821 Straubel Parkway', 'MO', '63158', 'United States', 64, 222),
       ('mcogger31', 'Merrilee', 'Cogger', '1983-07-04', '2011-02-13 22:28:48', 'mcogger31@yelp.com', '9415584112', 'F',
        '412 Chinook Lane', 'FL', '33982', 'United States', 52, 229),
       ('jkolyagin32', 'Jemie', 'Kolyagin', '1993-01-01', '2020-05-11 03:15:53', 'jkolyagin32@g.co', '9109642630', 'F',
        '14150 Fisk Circle', 'NC', '28314', 'United States', 48, 107),
       ('ashrawley33', 'Alessandro', 'Shrawley', '1985-01-08', '2021-03-31 01:22:39', 'ashrawley33@google.es',
        '8174261000', 'M', '13180 Westridge Lane', 'TX', '76129', 'United States', 66, 137),
       ('gwitheford34', 'Germaine', 'Witheford', '2005-06-18', '2023-06-06 11:50:19', 'gwitheford34@toplist.cz',
        '8145524421', 'M', '943 Eagle Crest Place', 'PA', '16550', 'United States', 66, 178),
       ('trandles35', 'Tani', 'Randles', '1991-09-03', '2010-10-06 11:22:46', 'trandles35@xinhuanet.com', '2605604789',
        'F', '9375 Nevada Court', 'IN', '46862', 'United States', 77, 216),
       ('tgauthorpp36', 'Tallia', 'Gauthorpp', '2000-08-06', '2024-03-06 18:14:23', 'tgauthorpp36@cisco.com',
        '7859871530', 'F', '77 Trailsway Parkway', 'KS', '66667', 'United States', 71, 126),
       ('vmoxted37', 'Vania', 'Moxted', '2000-02-06', '2010-06-18 06:27:29', 'vmoxted37@amazonaws.com', '3135062520',
        'F', '3 Iowa Crossing', 'MI', '48295', 'United States', 76, 261),
       ('vgisburne38', 'Viviana', 'Gisburne', '1983-05-11', '2017-06-06 21:52:01', 'vgisburne38@apache.org',
        '7727722553', 'F', '39520 Kenwood Pass', 'FL', '34949', 'United States', 80, 192),
       ('gmendez39', 'Gay', 'Mendez', '1978-08-12', '2023-03-07 22:32:17', 'gmendez39@cpanel.net', '6783174494', 'M',
        '0 Hansons Lane', 'GA', '30328', 'United States', 78, 108),
       ('smartinek3a', 'Sauveur', 'Martinek', '1983-04-14', '2017-04-11 11:27:35', 'smartinek3a@stumbleupon.com',
        '6145321328', 'M', '29 Utah Place', 'OH', '43204', 'United States', 48, 292),
       ('ppuckinghorne3b', 'Pamella', 'Puckinghorne', '1992-10-28', '2009-11-13 17:24:48', 'ppuckinghorne3b@uiuc.edu',
        '9712740962', 'F', '73 Tomscot Place', 'OR', '97201', 'United States', 67, 185),
       ('lstallwood3c', 'Luelle', 'Stallwood', '1991-12-13', '2018-02-26 02:12:48', 'lstallwood3c@printfriendly.com',
        '9186212607', 'F', '965 Glendale Junction', 'OK', '74116', 'United States', 80, 257),
       ('htrimble3d', 'Holly', 'Trimble', '1979-04-03', '2016-01-02 03:41:49', 'htrimble3d@elpais.com', '3209097322',
        'M', '54682 Brickson Park Junction', 'MN', '56372', 'United States', 65, 210),
       ('omelbury3e', 'Ole', 'Melbury', '1981-03-27', '2017-02-28 02:45:54', 'omelbury3e@acquirethisname.com',
        '9048674615', 'M', '2 Bluejay Park', 'FL', '32092', 'United States', 54, 134),
       ('pgiovanardi3f', 'Paolina', 'Giovanardi', '2007-08-19', '2024-02-12 11:22:22', 'pgiovanardi3f@prweb.com',
        '2025440755', 'F', '4 Spenser Center', 'DC', '20456', 'United States', 63, 158),
       ('kvercruysse3g', 'Kip', 'Vercruysse', '2002-08-24', '2010-12-02 12:46:42', 'kvercruysse3g@sbwire.com',
        '3129093712', 'M', '696 Little Fleur Center', 'IL', '60674', 'United States', 67, 258),
       ('ifruser3h', 'Ingamar', 'Fruser', '2009-11-24', '2016-06-16 09:31:16', 'ifruser3h@a8.net', '3091455018', 'M',
        '7298 Continental Park', 'IL', '61605', 'United States', 82, 101),
       ('bwhitnall3i', 'Brockie', 'Whitnall', '2001-09-04', '2019-03-22 18:39:41', 'bwhitnall3i@xinhuanet.com',
        '3346928150', 'M', '614 Duke Street', 'AL', '36195', 'United States', 60, 128),
       ('wflather3j', 'Willa', 'Flather', '1999-09-17', '2011-02-08 22:09:19', 'wflather3j@ezinearticles.com',
        '9011556712', 'F', '61 Armistice Street', 'TN', '38136', 'United States', 53, 157),
       ('abernaldo3k', 'Alaster', 'Bernaldo', '2004-09-03', '2018-02-09 23:37:15', 'abernaldo3k@taobao.com',
        '3155521734', 'M', '38439 Mallory Circle', 'NY', '13251', 'United States', 48, 107),
       ('aashdown3l', 'Anjanette', 'Ashdown', '1989-02-02', '2018-06-30 03:15:05', 'aashdown3l@tripadvisor.com',
        '4133451042', 'F', '88 Laurel Crossing', 'MA', '01114', 'United States', 67, 143),
       ('khaggerty3m', 'Katey', 'Haggerty', '1982-04-03', '2014-03-16 12:51:41', 'khaggerty3m@bbc.co.uk', '7751427771',
        'F', '148 Debs Place', 'NV', '89505', 'United States', 78, 246),
       ('ebreadon3n', 'Erick', 'Breadon', '1981-01-12', '2008-07-23 07:22:50', 'ebreadon3n@examiner.com', '4134967377',
        'M', '7489 Vahlen Park', 'MA', '01129', 'United States', 70, 243),
       ('ieberz3o', 'Isidor', 'Eberz', '1982-06-23', '2015-03-19 05:38:22', 'ieberz3o@hhs.gov', '7049716221', 'M',
        '3 Dorton Alley', 'NC', '28215', 'United States', 69, 114),
       ('bhandlin3p', 'Benoite', 'Handlin', '2002-12-07', '2019-09-23 15:40:41', 'bhandlin3p@newyorker.com',
        '2129303945', 'F', '75 Fairview Place', 'NY', '11247', 'United States', 74, 238),
       ('kperet3q', 'Kristien', 'Peret', '2003-06-06', '2016-06-26 15:03:35', 'kperet3q@issuu.com', '9373403450', 'F',
        '2042 Dovetail Court', 'OH', '45414', 'United States', 66, 124),
       ('bmccreery3r', 'Bryn', 'McCreery', '1978-09-12', '2015-01-27 11:26:10', 'bmccreery3r@google.de', '9798548387',
        'M', '17 Warbler Crossing', 'TX', '77806', 'United States', 58, 210),
       ('ejuett3s', 'Eirena', 'Juett', '1978-03-24', '2011-10-13 05:13:01', 'ejuett3s@drupal.org', '4145688571', 'F',
        '30 Everett Point', 'WI', '53220', 'United States', 69, 182),
       ('dedinburough3t', 'Dewie', 'Edinburough', '1998-07-04', '2019-08-20 18:06:34', 'dedinburough3t@ted.com',
        '3125824127', 'M', '71989 Red Cloud Junction', 'IL', '60669', 'United States', 72, 275),
       ('jkeyser3u', 'Josephine', 'Keyser', '1992-06-13', '2022-06-02 08:40:01', 'jkeyser3u@devhub.com', '3042963884',
        'F', '61 Parkside Lane', 'WV', '25709', 'United States', 60, 223),
       ('jbarbrook3v', 'Joete', 'Barbrook', '1984-11-13', '2012-06-12 20:36:29', 'jbarbrook3v@ucsd.edu', '4104319331',
        'F', '57470 Troy Crossing', 'MD', '21216', 'United States', 53, 190),
       ('rchichgar3w', 'Rob', 'Chichgar', '2001-01-16', '2017-07-09 11:40:50', 'rchichgar3w@ucsd.edu', '5404025890',
        'M', '23112 Lotheville Hill', 'VA', '22405', 'United States', 77, 103),
       ('rsiemens3x', 'Roscoe', 'Siemens', '1992-11-19', '2009-03-30 16:20:16', 'rsiemens3x@xrea.com', '3187866796',
        'M', '030 Larry Street', 'MA', '02104', 'United States', 62, 272),
       ('rgajewski3y', 'Reginauld', 'Gajewski', '2004-04-09', '2010-06-23 06:13:16', 'rgajewski3y@marriott.com',
        '3174755989', 'M', '0717 Sunbrook Plaza', 'IN', '46216', 'United States', 60, 225),
       ('fhasluck3z', 'Fin', 'Hasluck', '2008-07-23', '2022-09-23 00:32:53', 'fhasluck3z@xinhuanet.com', '6014152768',
        'M', '9097 Southridge Point', 'MS', '39296', 'United States', 53, 248),
       ('lrustman40', 'Luca', 'Rustman', '1997-04-01', '2010-12-04 06:45:32', 'lrustman40@sitemeter.com', '9797021203',
        'M', '85600 Utah Lane', 'TX', '77844', 'United States', 59, 201),
       ('mizak41', 'Moore', 'Izak', '2006-09-30', '2011-12-14 00:02:22', 'mizak41@tripadvisor.com', '5627039844', 'M',
        '2398 Superior Crossing', 'CA', '90831', 'United States', 48, 146),
       ('alamke42', 'Andria', 'Lamke', '2004-07-04', '2008-08-27 00:06:42', 'alamke42@1688.com', '7606281907', 'F',
        '613 Schlimgen Terrace', 'CA', '92013', 'United States', 66, 249),
       ('jrobichon43', 'Jena', 'Robichon', '1988-12-03', '2013-05-31 00:54:46', 'jrobichon43@google.de', '4802942637',
        'F', '575 John Wall Road', 'AZ', '85255', 'United States', 56, 195),
       ('locarran44', 'Loralie', 'O''Carran', '2001-04-17', '2014-04-07 05:22:49', 'locarran44@examiner.com',
        '2085789171', 'F', '0 Harbort Point', 'ID', '83757', 'United States', 48, 142),
       ('jitzhayek45', 'Jane', 'Itzhayek', '2001-01-27', '2018-03-23 04:00:08', 'jitzhayek45@geocities.com',
        '2057685287', 'F', '4 Cordelia Parkway', 'AL', '35242', 'United States', 83, 208);;

INSERT INTO UserMedicalHistory(username, injury, occurred)
VALUES ('cstrelitzer87', 'Broken nose', '2023-01-20'),
       ('cfeirn1b', 'Repetitive strain injury (RSI)', '2023-01-20'),
       ('hclemo1m', 'Achilles tendonitis', '2023-01-20'),
       ('hhindrich1y', 'Rib fracture', '2023-01-20'),
       ('rbernade3', 'Repetitive strain injury (RSI)', '2023-01-20'),
       ('scoysh83', 'Burns', '2023-01-20'),
       ('aniceberg', 'Repetitive strain injury (RSI)', '2023-01-20'),
       ('gbunt88', 'Frostbite', '2023-01-20'),
       ('mbeckitt85', 'Broken nose', '2023-01-20'),
       ('wfarguhar1a', 'Frostbite', '2023-01-20'),
       ('tari', 'Concussion', '2023-01-20'),
       ('bbarzen86', 'Repetitive strain injury (RSI)', '2023-01-20'),
       ('ahallworth7o', 'Torn ACL', '2023-01-20'),
       ('mfontenot', 'Sprained ankle', '2023-01-20'),
       ('rissitt0', 'Burns', '2023-01-20'),
       ('wfarguhar1a', 'Dislocated jaw', '2023-01-20'),
       ('rissitt0', 'Rib fracture', '2023-01-20'),
       ('lmidghall14', 'Herniated disc', '2023-01-20'),
       ('gbunt88', 'Burns', '2023-01-20'),
       ('rissitt0', 'Whiplash', '2023-01-20'),
       ('rsell89', 'Repetitive strain injury (RSI)', '2023-01-20'),
       ('lgreguoli82', 'Dislocated knee', '2023-01-20'),
       ('bwhymark6', 'Stress fracture', '2023-01-20'),
       ('hclemo1m', 'Torn ACL', '2023-01-20'),
       ('ataverner16', 'Torn ACL', '2023-01-20'),
       ('bcapner1d', 'Broken leg', '2023-01-20'),
       ('etompkin1k', 'Broken collarbone', '2023-01-20'),
       ('lmidghall14', 'Shin splints', '2023-01-20'),
       ('cfeirn1b', 'Pulled hamstring', '2023-01-20'),
       ('bbarzen86', 'Dislocated jaw', '2023-01-20'),
       ('bnapoleone20', 'Concussion', '2023-01-20'),
       ('keva80', 'Hyperextension injury', '2023-01-20'),
       ('kbaudinot1g', 'Fractured wrist', '2023-01-20'),
       ('gphilip25', 'Burns', '2023-01-20'),
       ('tghirigori1c', 'Shin splints', '2023-01-20'),
       ('tghirigori1c', 'Burns', '2023-01-20'),
       ('omccheyne26', 'Nerve damage', '2023-01-20'),
       ('rsell89', 'Nerve damage', '2023-01-20'),
       ('msevers81', 'Dislocated shoulder', '2023-01-20'),
       ('elamburn28', 'Sprained ankle', '2023-01-20');

INSERT INTO UserAllergies (username, allergy)
VALUES ('hhindrich1y', 'Pineapple'),
       ('hhuggard21', 'Sunlight (solar urticaria)'),
       ('etompkin1k', 'Heat (heat rash or urticaria)'),
       ('cstrelitzer87', 'Banana'),
       ('hclemo1m', 'Food additives and preservatives'),
       ('lkenton12', 'Sulphites'),
       ('lmidghall14', 'Tree nuts'),
       ('nabello', 'Formaldehyde'),
       ('rmarklund22', 'Wheat'),
       ('lcaffery1j', 'Fish'),
       ('msevers81', 'Formaldehyde'),
       ('hhindrich1y', 'Peanuts'),
       ('wriba17', 'Pollen'),
       ('wriba17', 'Avocado'),
       ('lprior1h', 'Corn'),
       ('hhuggard21', 'Mango'),
       ('etompkin1k', 'Chemicals (contact dermatitis)'),
       ('janedoe', 'Corn'),
       ('cfeirn1b', 'Insect bites'),
       ('aniceberg', 'Soy'),
       ('lmidghall14', 'Shellfish'),
       ('bbarzen86', 'Pineapple'),
       ('lgreguoli82', 'Insect venom'),
       ('kbaudinot1g', 'Red dye'),
       ('bnapoleone20', 'Dust mites'),
       ('swretham7z', 'Food additives and preservatives'),
       ('tstollberg1z', 'Pollen'),
       ('lcaffery1j', 'Chemicals (contact dermatitis)'),
       ('lkenton12', 'Wheat'),
       ('lgreguoli82', 'Chamomile'),
       ('bcapner1d', 'Sulfa drugs'),
       ('qsinkin27', 'Tree nuts'),
       ('kdahlback24', 'Mold'),
       ('lprior1h', 'Penicillin'),
       ('ewiser', 'Gluten'),
       ('cpetry1l', 'Aspirin'),
       ('janedoe', 'Strawberries'),
       ('bbarzen86', 'Corn'),
       ('scoysh83', 'Pineapple'),
       ('nabello', 'Artificial sweeteners');

INSERT INTO Goal(description, status, username)
VALUES ('Prioritize mental health through stress management techniques', 'in progress', 'dedwick13'),
       ('Strive for a healthy work-life balance to reduce burnout', 'achieved', 'ataverner16'),
       ('Limit screen time before bedtime for improved sleep quality', 'achieved', 'msevers81'),
       ('Limit processed and sugary foods for better health', 'in progress', 'elamburn28'),
       ('Practice portion control to manage weight effectively', 'not started', 'tari'),
       ('Limit screen time before bedtime for improved sleep quality', 'achieved', 'lprior1h'),
       ('Explore and adopt new forms of physical activity for variety', 'not started', 'tviegas8a'),
       ('Incorporate more fruits and vegetables into daily meals', 'achieved', 'jdoe'),
       ('Explore and adopt new forms of physical activity for variety', 'in progress', 'ssavory23'),
       ('Incorporate more fruits and vegetables into daily meals', 'not started', 'elamburn28'),
       ('Limit screen time before bedtime for improved sleep quality', 'achieved', 'tari'),
       ('Get regular check-ups and screenings for preventive healthcare', 'in progress', 'mmercey7'),
       ('Limit screen time before bedtime for improved sleep quality', 'in progress', 'cpetry1l'),
       ('Incorporate more fruits and vegetables into daily meals', 'not started', 'bnapoleone20'),
       ('Set realistic fitness goals for gradual and sustainable progress', 'in progress', 'grisen18'),
       ('Practice portion control to manage weight effectively', 'in progress', 'gphilip25'),
       ('Strive for a healthy work-life balance to reduce burnout', 'in progress', 'wfarguhar1a'),
       ('Prioritize mental health through stress management techniques', 'in progress', 'nabello'),
       ('Incorporate more fruits and vegetables into daily meals', 'in progress', 'cstrelitzer87'),
       ('Practice mindfulness and meditation for mental well-being', 'not started', 'wriba17'),
       ('Achieve a consistent sleep routine for better rest', 'in progress', 'aniceberg'),
       ('Incorporate more fruits and vegetables into daily meals', 'not started', 'janedoe'),
       ('Achieve a consistent sleep routine for better rest', 'not started', 'mmercey7'),
       ('Practice portion control to manage weight effectively', 'achieved', 'wriba17'),
       ('Limit screen time before bedtime for improved sleep quality', 'not started', 'gbunt88'),
       ('Incorporate more fruits and vegetables into daily meals', 'in progress', 'kdahlback24'),
       ('Limit screen time before bedtime for improved sleep quality', 'not started', 'oguitton11'),
       ('Establish and maintain a regular exercise schedule', 'achieved', 'nabello'),
       ('Strive for a healthy work-life balance to reduce burnout', 'not started', 'bwhymark6'),
       ('Set realistic fitness goals for gradual and sustainable progress', 'not started', 'rsell89'),
       ('Incorporate more fruits and vegetables into daily meals', 'in progress', 'xmaldin8'),
       ('Stay hydrated by drinking an adequate amount of water daily', 'in progress', 'jmoring2'),
       ('Establish and maintain a regular exercise schedule', 'achieved', 'etompkin1k'),
       ('Achieve a consistent sleep routine for better rest', 'achieved', 'npratton1e'),
       ('Prioritize mental health through stress management techniques', 'achieved', 'sparkes1'),
       ('Strive for a healthy work-life balance to reduce burnout', 'not started', 'mbeckitt85'),
       ('Achieve a consistent sleep routine for better rest', 'in progress', 'emion4'),
       ('Strive for a healthy work-life balance to reduce burnout', 'not started', 'egillbanks5'),
       ('Limit screen time before bedtime for improved sleep quality', 'achieved', 'lkenton12'),
       ('Set realistic fitness goals for gradual and sustainable progress', 'achieved', 'scoysh83');

INSERT INTO DailySteps (date, stepCount, username)
VALUES ('2019-11-26', 23425, 'nabello'),
       ('2019-05-19', 7098, 'ewiser'),
       ('2020-05-20', 29019, 'lvobes15'),
       ('2022-09-09', 662, 'jdoe'),
       ('2005-02-25', 19495, 'mmercey7'),
       ('2016-05-26', 17542, 'kdahlback24'),
       ('2020-04-22', 9923, 'egillbanks5'),
       ('2011-10-12', 27474, 'bcapner1d'),
       ('2022-01-23', 10713, 'hhindrich1y'),
       ('2021-11-08', 6224, 'swretham7z'),
       ('2021-08-30', 13478, 'bnapoleone20'),
       ('2017-12-28', 29144, 'xmaldin8'),
       ('2013-11-11', 26773, 'bwhymark6'),
       ('2013-06-19', 563, 'tviegas8a'),
       ('2005-04-27', 14846, 'fnial84'),
       ('2007-03-31', 12435, 'bnapoleone20'),
       ('2017-06-15', 17503, 'keva80'),
       ('2013-12-21', 1430, 'hhindrich1y'),
       ('2018-01-07', 29438, 'ataverner16'),
       ('2016-01-18', 25220, 'drosenbaum1i'),
       ('2022-04-30', 16098, 'lgreguoli82'),
       ('2007-10-29', 11518, 'mbeckitt85'),
       ('2023-06-04', 25007, 'etompkin1k'),
       ('2021-09-22', 18247, 'tghirigori1c'),
       ('2009-04-16', 5563, 'ewiser'),
       ('2005-09-08', 18638, 'mmacfarlane1f'),
       ('2007-05-24', 18548, 'bnapoleone20'),
       ('2005-09-07', 12119, 'tviegas8a'),
       ('2015-12-13', 20586, 'rmarklund22'),
       ('2018-10-31', 25700, 'gbunt88'),
       ('2021-10-30', 21102, 'jdoe'),
       ('2008-04-02', 14598, 'lprior1h'),
       ('2017-04-24', 12913, 'elamburn28'),
       ('2007-07-23', 20353, 'mmercey7'),
       ('2007-02-22', 25754, 'ssavory23'),
       ('2016-10-15', 23818, 'msevers81'),
       ('2008-12-23', 2057, 'tghirigori1c'),
       ('2011-08-22', 4307, 'ewiser'),
       ('2020-12-03', 15093, 'hhuggard21'),
       ('2013-08-10', 27210, 'gphilip25');

INSERT INTO DailyMacros (date, calorieCount, proteinCount, carbCount, fatCount, username)
VALUES ('2017-01-09', 2229, 77, 451, 194, 'mmacfarlane1f'),
       ('2010-05-31', 328, 2, 488, 61, 'lcaffery1j'),
       ('2006-01-03', 7495, 55, 55, 269, 'lprior1h'),
       ('2009-03-14', 6046, 3, 261, 189, 'lmidghall14'),
       ('2022-11-17', 6324, 8, 227, 177, 'fnial84'),
       ('2009-07-11', 7530, 55, 155, 256, 'egillbanks5'),
       ('2018-03-26', 6491, 50, 321, 246, 'cpetry1l'),
       ('2022-08-24', 833, 77, 277, 161, 'ewiser'),
       ('2012-05-12', 4563, 9, 58, 1, 'hclemo1m'),
       ('2011-04-15', 900, 9, 97, 270, 'omccheyne26'),
       ('2006-02-04', 1305, 49, 296, 204, 'wriba17'),
       ('2018-12-10', 7934, 52, 407, 129, 'kdahlback24'),
       ('2009-06-04', 833, 60, 288, 132, 'janedoe'),
       ('2009-12-10', 2272, 26, 396, 220, 'hhuggard21'),
       ('2016-10-09', 2968, 43, 440, 213, 'lmidghall14'),
       ('2013-05-22', 5860, 37, 166, 12, 'nabello'),
       ('2010-05-09', 4506, 98, 358, 13, 'nabello'),
       ('2008-06-28', 7954, 87, 189, 72, 'ewiser'),
       ('2013-10-31', 3642, 86, 300, 126, 'gbunt88'),
       ('2008-08-28', 1554, 32, 247, 136, 'nabello'),
       ('2015-08-28', 6616, 56, 475, 55, 'wfarguhar1a'),
       ('2009-02-17', 5070, 6, 487, 8, 'kdahlback24'),
       ('2010-01-22', 490, 47, 23, 69, 'xmaldin8'),
       ('2011-07-31', 2060, 55, 44, 266, 'ahallworth7o'),
       ('2014-08-24', 1552, 37, 44, 223, 'mmacfarlane1f'),
       ('2007-11-27', 6706, 24, 184, 11, 'rbernade3'),
       ('2008-04-26', 1818, 36, 383, 42, 'lprior1h'),
       ('2021-09-11', 5389, 49, 43, 137, 'rsell89'),
       ('2011-10-29', 564, 94, 102, 128, 'lvobes15'),
       ('2015-01-09', 711, 88, 462, 219, 'kdahlback24'),
       ('2022-07-10', 3772, 19, 435, 174, 'rbernade3'),
       ('2019-11-09', 6176, 58, 300, 13, 'bbarzen86'),
       ('2015-09-07', 2518, 13, 200, 112, 'hhuggard21'),
       ('2020-03-02', 3973, 24, 182, 74, 'rissitt0'),
       ('2008-02-27', 4136, 84, 233, 101, 'janedoe'),
       ('2015-08-06', 299, 49, 10, 71, 'tari'),
       ('2010-06-29', 243, 45, 245, 185, 'lkenton12'),
       ('2021-03-01', 5998, 46, 280, 133, 'lmidghall14'),
       ('2011-04-14', 7030, 33, 356, 177, 'lkenton12'),
       ('2016-10-11', 707, 2, 304, 158, 'tghirigori1c');

INSERT INTO SleepInfo (datetimeStarted, datetimeEnded, REMTime, NREMTime, username)
VALUES ('2022-07-01 16:41:54', '2022-07-02 10:07:16', 1, 13, 'aniceberg'),
       ('2022-07-01 22:54:20', '2022-07-02 07:23:00', 3, 7, 'tviegas8a'),
       ('2022-07-01 02:36:29', '2022-07-02 01:30:41', 2, 3, 'lprior1h'),
       ('2022-07-01 20:22:37', '2022-07-02 06:28:08', 3, 4, 'elamburn28'),
       ('2022-07-01 03:07:31', '2022-07-02 11:58:42', 3, 9, 'keva80'),
       ('2022-07-01 15:05:50', '2022-07-02 00:35:23', 2, 3, 'hhuggard21'),
       ('2022-07-01 03:58:46', '2022-07-02 07:46:32', 2, 13, 'fnial84'),
       ('2022-07-01 01:26:43', '2022-07-02 23:19:00', 3, 10, 'rissitt0'),
       ('2022-07-01 10:30:18', '2022-07-02 00:15:30', 3, 9, 'omccheyne26'),
       ('2022-07-01 03:37:13', '2022-07-02 22:22:39', 0, 3, 'bbarzen86'),
       ('2022-05-01 07:14:17', '2022-01-01 05:22:43', 1, 5, 'hhuggard21'),
       ('2022-09-02 20:05:25', '2022-01-01 08:08:52', 3, 3, 'egillbanks5'),
       ('2022-11-06 15:33:42', '2022-01-01 08:03:03', 0, 3, 'bwhymark6'),
       ('2022-05-22 09:16:41', '2022-01-01 05:36:43', 2, 9, 'rbernade3'),
       ('2022-06-09 20:41:51', '2022-01-01 09:27:48', 0, 13, 'wfarguhar1a'),
       ('2022-05-03 01:04:23', '2022-01-01 18:27:00', 2, 6, 'lgreguoli82'),
       ('2022-07-13 01:22:42', '2022-01-01 00:31:36', 0, 11, 'rissitt0'),
       ('2022-03-26 14:59:51', '2022-01-01 23:03:50', 1, 4, 'tstollberg1z'),
       ('2022-04-13 03:19:16', '2022-01-01 09:58:09', 0, 12, 'xmaldin8'),
       ('2022-05-20 18:23:50', '2022-01-01 05:44:10', 2, 11, 'bwhymark6'),
       ('2010-05-06 19:12:47', '2010-05-07 18:04:37', 3, 12, 'qsinkin27'),
       ('2010-05-06 12:34:43', '2010-05-07 23:33:45', 3, 3, 'cpetry1l'),
       ('2010-05-06 13:43:18', '2010-05-07 15:51:38', 0, 13, 'tari'),
       ('2010-05-06 16:24:42', '2010-05-07 18:04:37', 0, 10, 'cstrelitzer87'),
       ('2010-05-06 11:38:48', '2010-05-07 01:24:07', 3, 13, 'keva80'),
       ('2010-05-06 00:00:19', '2010-05-07 09:33:52', 1, 6, 'lmidghall14'),
       ('2010-05-06 19:46:56', '2010-05-07 21:54:24', 0, 3, 'wriba17'),
       ('2010-05-06 06:50:05', '2010-05-07 12:25:37', 1, 14, 'lvobes15'),
       ('2010-05-06 09:43:13', '2010-05-07 02:25:15', 0, 4, 'gbunt88'),
       ('2010-05-06 22:54:35', '2010-05-07 04:08:36', 0, 12, 'bcapner1d'),
       ('2010-05-06 01:28:10', '2010-05-07 13:03:57', 0, 14, 'qsinkin27'),
       ('2010-05-06 17:04:24', '2010-05-07 23:41:11', 3, 6, 'aniceberg'),
       ('2010-05-06 07:29:25', '2010-05-07 16:52:09', 0, 11, 'cstrelitzer87'),
       ('2010-05-06 03:15:45', '2010-05-07 18:57:14', 3, 13, 'bnapoleone20'),
       ('2010-05-06 04:40:32', '2010-05-07 12:46:30', 1, 9, 'xmaldin8'),
       ('2010-05-06 16:52:53', '2010-05-07 12:57:12', 1, 6, 'lgreguoli82'),
       ('2010-05-06 03:49:01', '2010-05-07 03:51:52', 2, 4, 'bwhymark6'),
       ('2010-05-06 14:09:56', '2010-05-07 05:39:40', 0, 3, 'lcanaan9'),
       ('2010-05-06 06:04:52', '2010-05-07 12:15:31', 1, 9, 'drosenbaum1i'),
       ('2010-05-06 09:55:37', '2010-05-07 21:05:54', 2, 3, 'wriba17');


-- Influencer mock data
INSERT INTO Influencer (followerCount, bio, username)
VALUES (51, 'Persistent national time-frame', 'lparradiceq'),
       (26, 'Stand-alone leading edge migration', 'tbowlands1p'),
       (1, 'Public-key composite success', 'pduffil21'),
       (22, 'Mandatory mobile budgetary management', 'gbanister4'),
       (100, 'Visionary radical moratorium', 'ebreadon3n'),
       (41, 'Versatile transitional implementation', 'ejuett3s'),
       (58, 'Organized dynamic capacity', 'gbunt88'),
       (8, 'Re-contextualized local superstructure', 'kfenge11'),
       (28, 'Up-sized responsive initiative', 'lcaffery1j'),
       (90, 'Phased 24/7 definition', 'hhuggard21'),
       (64, 'Horizontal bi-directional complexity', 'mizak41'),
       (38, 'Extended bandwidth-monitored matrices', 'janedoe'),
       (5, 'Synchronized mission-critical installation', 'dkryszka2t'),
       (50, 'Fully-configurable clear-thinking framework', 'wsandilandsn'),
       (2, 'Integrated multi-state conglomeration', 'stedahl16'),
       (87, 'Vision-oriented user-facing parallelism', 'greckus1k'),
       (11, 'Monitored directional access', 'pschimon2o'),
       (3, 'Adaptive 24/7 project', 'tcornillir'),
       (25, 'User-friendly zero defect internet solution', 'rgianulli20'),
       (68, 'Optional encompassing strategy', 'bdooneyv'),
       (44, 'Distributed optimal forecast', 'thigounet7'),
       (84, 'Progressive multimedia forecast', 'keva80'),
       (62, 'Stand-alone multimedia collaboration', 'mscoggan6'),
       (67, 'Enterprise-wide upward-trending pricing structure', 'wriba17'),
       (95, 'Extended cohesive circuit', 'tviegas8a'),
       (54, 'Integrated asynchronous paradigm', 'astubbings2v'),
       (59, 'Synergized maximized firmware', 'aashdown3l'),
       (50, 'Managed methodical access', 'kvercruysse3g'),
       (52, 'Total bottom-line customer loyalty', 'oguitton11'),
       (7521, 'Maecenas pulvinar lobortis est. Phasellus sit amet erat. Nulla tempus.', 'cstrelitzer87'),
       (1766, 'Suspendisse potenti. Nullam porttitor lacus at turpis. Donec posuere metus vitae ipsum.', 'rgajewski3y'),
       (4357, 'Morbi vel lectus in quam fringilla rhoncus. Mauris enim leo, rhoncus sed, vestibulum sit amet, c',
        'bwhymark6'),
       (6268, 'Proin at turpis a pede posuere nonummy.', 'tgoakesj'),
       (6421, 'Duis at velit eu est congue elementum. In hac habitasse platea dictumst.', 'kcharkham1v'),
       (7402, 'Mauris sit amet eros. Suspendisse accumsan tortor quis turpis. Sed ante.', 'zantonin17'),
       (4529, 'Integer ac neque. Duis bibendum.', 'tari'),
       (5449, 'Duis at velit eu est congue elementum. In hac habitasse platea dictumst.', 'etompkin1k'),
       (11, 'Duis aliquam convallis nunc. Proin at turpis a pede posuere nonummy. Integer non veli', 'cbrauningeri'),
       (2283, 'Nulla mollis molestie lorem. Quisque ut erat.', 'jitzhayek45'),
       (1817, 'Vestibulum ac est lacinia nisi venenatis tristique. Fusce congue, .', 'tshemmin1e'),
       (5276, 'Nulla nisl.', 'tstollberg1z'),
       (9230, 'Morbi porttitor lorem id ligula. Suspendisse ornare consequa', 'cgoddman2n'),
       (8926, 'Vivamus metus arcu, adipiscing molestie, hendrerit at, vul', 'rissitt0'),
       (340, 'Donec ut dolor.', 'xmaldin8'),
       (6058, 'Sed ante. Vivamus tortor. Duis mattis egestas metus. Aenean fermentum.', 'sdowdalls'),
       (2694, 'Lorem ipsum dolor sit amet, consectetuer adipiscing elit. Proin risus. Praesent lectus.', 'bwyant1f'),
       (3599, 'Nulla tellus. In sagittis dui vel nisl. Duis ac nibh. Fusce lacus pu', 'lpatman19')
;

INSERT INTO InfluencerFollower (influencerusername, followerusername)
VALUES ('bwhymark6', 'npratton1e'),
       ('zantonin17', 'aurquhart2i'),
       ('ewiser', 'pculverhouse22'),
       ('mfontenot', 'pschimon2o'),
       ('mizak41', 'thigounet7'),
       ('tstollberg1z', 'wsandilandsn'),
       ('tgoakesj', 'rchichgar3w'),
       ('gbunt88', 'ygageng'),
       ('bwyant1f', 'dedwick13'),
       ('greckus1k', 'kvercruysse3g'),
       ('cstrelitzer87', 'mmcgirlx'),
       ('gbanister4', 'bbarzen86'),
       ('xmaldin8', 'jsemered2j'),
       ('mizak41', 'jsemered2j'),
       ('tshemmin1e', 'tari'),
       ('bdooneyv', 'bdooneyv'),
       ('tviegas8a', 'ygageng'),
       ('rissitt0', 'kgooderick1d'),
       ('astubbings2v', 'atrowela'),
       ('lpatman19', 'rtalby2c'),
       ('janedoe', 'chumbellh'),
       ('thigounet7', 'aurquhart2i'),
       ('aashdown3l', 'relvey2q'),
       ('tgoakesj', 'vgouley2z'),
       ('dkryszka2t', 'eheeneyk'),
       ('tshemmin1e', 'ogrindley14'),
       ('kfenge11', 'rpuckham3'),
       ('pduffil21', 'tfinan1h'),
       ('rissitt0', 'gshawl29'),
       ('cbrauningeri', 'thigounet7'),
       ('rissitt0', 'mivachyov1n'),
       ('thigounet7', 'jrobichon43'),
       ('rissitt0', 'rmeeland27'),
       ('mfontenot', 'lpeye2p'),
       ('tcornillir', 'vgouley2z'),
       ('bwhymark6', 'alangtry1u'),
       ('cgoddman2n', 'bwhymark6'),
       ('gbanister4', 'tshemmin1e'),
       ('stedahl16', 'ghabben1m'),
       ('aashdown3l', 'vmoxted37'),
       ('greckus1k', 'gwitheford34'),
       ('etompkin1k', 'rchichgar3w'),
       ('gbanister4', 'emckeaneyy'),
       ('greckus1k', 'ashrawley33'),
       ('zantonin17', 'mmaycock1b'),
       ('gbunt88', 'rsell89'),
       ('tgoakesj', 'bdooneyv'),
       ('ewiser', 'dedinburough3t'),
       ('sdowdalls', 'stedahl16'),
       ('cstrelitzer87', 'jmoring2'),
       ('lparradiceq', 'emckeaneyy'),
       ('janedoe', 'mwestgate2h'),
       ('keva80', 'thigounet7'),
       ('lparradiceq', 'ejuett3s'),
       ('mizak41', 'gphilip25'),
       ('lpatman19', 'kperet3q'),
       ('rgajewski3y', 'jkolyagin32'),
       ('lparradiceq', 'gbanister4'),
       ('aashdown3l', 'rsell89'),
       ('tbowlands1p', 'tjoncic0'),
       ('pschimon2o', 'lstallwood3c'),
       ('sdowdalls', 'tshemmin1e'),
       ('mizak41', 'rpuckham3'),
       ('keva80', 'lmidghall14'),
       ('tstollberg1z', 'khaggerty3m'),
       ('tstollberg1z', 'wriba17'),
       ('sdowdalls', 'thabble25'),
       ('mfontenot', 'cfeirn1b'),
       ('tari', 'rbridat13'),
       ('mizak41', 'kfenge11'),
       ('bwyant1f', 'jgrinston2x'),
       ('oguitton11', 'rgajewski3y'),
       ('ewiser', 'aashdown3l'),
       ('janedoe', 'abrithmanz'),
       ('janedoe', 'bhowarthc'),
       ('tgoakesj', 'ashrawley33'),
       ('bwyant1f', 'mmacfarlane1f'),
       ('mizak41', 'ashrawley33'),
       ('tgoakesj', 'credingtonf'),
       ('zantonin17', 'cpetry1l'),
       ('ewiser', 'oguitton11'),
       ('rgianulli20', 'kgiacobini2b'),
       ('wsandilandsn', 'elamburn28'),
       ('gbunt88', 'drosenbaum1i'),
       ('aashdown3l', 'ljarvie1x'),
       ('dkryszka2t', 'tviegas8a'),
       ('kvercruysse3g', 'pdilliway2'),
       ('greckus1k', 'amcgowan2y'),
       ('greckus1k', 'tfessions1z'),
       ('tstollberg1z', 'cfeirn1b'),
       ('mscoggan6', 'bcapner1d'),
       ('kcharkham1v', 'kblumson2u'),
       ('tbowlands1p', 'egillbanks5'),
       ('kfenge11', 'lstallwood3c'),
       ('ebreadon3n', 'mmercey7'),
       ('greckus1k', 'thabble25'),
       ('jitzhayek45', 'lpatman19'),
       ('wsandilandsn', 'hclemo1m'),
       ('lpatman19', 'tcornillir'),
       ('ebreadon3n', 'casif1l'),
       ('kfenge11', 'iseer1t'),
       ('stedahl16', 'hsalandino1q'),
       ('tari', 'mmaycock1b'),
       ('aashdown3l', 'qsinkin27'),
       ('cbrauningeri', 'vmoxted37'),
       ('rgianulli20', 'khaggerty3m'),
       ('rgianulli20', 'eheeneyk'),
       ('kcharkham1v', 'cdelascy1j'),
       ('aashdown3l', 'rsiemens3x'),
       ('jitzhayek45', 'jmcpakeo'),
       ('hhuggard21', 'gbunt88'),
       ('ejuett3s', 'keva80'),
       ('ebreadon3n', 'vfranzschoninger1s'),
       ('jitzhayek45', 'wriba17'),
       ('kcharkham1v', 'mbeckitt85'),
       ('janedoe', 'ljarvie1x'),
       ('cbrauningeri', 'rchichgar3w'),
       ('keva80', 'lstallwood3c'),
       ('etompkin1k', 'rtalby2c'),
       ('oguitton11', 'tviegas8a'),
       ('kvercruysse3g', 'cmcparlin30'),
       ('janedoe', 'nabello'),
       ('tari', 'rmarklund22'),
       ('etompkin1k', 'alamke42'),
       ('kcharkham1v', 'amcgowan2y'),
       ('zantonin17', 'lmillimoe2w'),
       ('mscoggan6', 'chumbellh'),
       ('etompkin1k', 'ppuckinghorne3b'),
       ('kfenge11', 'rmeeland27'),
       ('tviegas8a', 'mbeckitt85'),
       ('rgianulli20', 'rsiemens3x'),
       ('stedahl16', 'lprior1h'),
       ('aashdown3l', 'atrowela'),
       ('bwhymark6', 'kbrewoodm'),
       ('oguitton11', 'casif1l'),
       ('oguitton11', 'vgisburne38'),
       ('wriba17', 'tjosskoviz2k'),
       ('thigounet7', 'omelbury3e'),
       ('mscoggan6', 'mwestgate2h'),
       ('ejuett3s', 'hsalandino1q'),
       ('hhuggard21', 'lmidghall14'),
       ('rgajewski3y', 'keva80'),
       ('ebreadon3n', 'tshemmin1e'),
       ('tcornillir', 'kfautly8b'),
       ('bwhymark6', 'aurquhart2i'),
       ('kcharkham1v', 'cbousfield1i'),
       ('pduffil21', 'mwestgate2h'),
       ('bdooneyv', 'kwoodman1w'),
       ('tstollberg1z', 'lgreguoli82'),
       ('thigounet7', 'ieberz3o'),
       ('lparradiceq', 'tgoakesj'),
       ('ewiser', 'kcharkham1v'),
       ('janedoe', 'nburtwhistle5'),
       ('rgajewski3y', 'hsalandino1q'),
       ('lcaffery1j', 'mfontenot'),
       ('cstrelitzer87', 'tfessions1z'),
       ('tbowlands1p', 'vgouley2z'),
       ('oguitton11', 'ppuckinghorne3b'),
       ('hhuggard21', 'npratton1e'),
       ('dkryszka2t', 'gbanister4'),
       ('tviegas8a', 'omccheyne26'),
       ('rgajewski3y', 'jsemered2j'),
       ('mfontenot', 'elamburn28'),
       ('tari', 'wgurnelll'),
       ('tgoakesj', 'kgooderick1d'),
       ('aashdown3l', 'cbrauningeri'),
       ('tcornillir', 'astubbings2v'),
       ('ewiser', 'tshemmin1e'),
       ('lpatman19', 'lhurich2g'),
       ('kfenge11', 'emckeaneyy'),
       ('bdooneyv', 'mmcgirlx'),
       ('thigounet7', 'pgiovanardi3f'),
       ('bdooneyv', 'aurquhart2i'),
       ('tbowlands1p', 'cdelascy1j'),
       ('hhuggard21', 'ewiser'),
       ('hhuggard21', 'mmaycock1b'),
       ('mfontenot', 'mmacfarlane1f'),
       ('lpatman19', 'mmerigot12'),
       ('tari', 'kblumson2u'),
       ('pduffil21', 'rmeeland27'),
       ('mizak41', 'bbarzen86'),
       ('bwhymark6', 'ieberz3o'),
       ('bdooneyv', 'trandles35'),
       ('lcaffery1j', 'vfranzschoninger1s'),
       ('rissitt0', 'kcharkham1v'),
       ('thigounet7', 'lpatman19'),
       ('lparradiceq', 'rbernade3'),
       ('rgajewski3y', 'lcanaan9'),
       ('wriba17', 'tviegas8a'),
       ('etompkin1k', 'ogrindley14'),
       ('ewiser', 'dpickovert'),
       ('bdooneyv', 'kvercruysse3g'),
       ('ejuett3s', 'grisen18'),
       ('ebreadon3n', 'elamburn28'),
       ('tbowlands1p', 'pdilliway2'),
       ('tviegas8a', 'bwyant1f'),
       ('tstollberg1z', 'rmeeland27'),
       ('dkryszka2t', 'astubbings2v'),
       ('aashdown3l', 'ghabben1m'),
       ('tbowlands1p', 'relvey2q'),
       ('tshemmin1e', 'mmacfarlane1f'),
       ('zantonin17', 'alamke42'),
       ('tcornillir', 'bbarzen86'),
       ('dkryszka2t', 'pschimon2o'),
       ('oguitton11', 'ashrawley33'),
       ('tshemmin1e', 'rchichgar3w'),
       ('cstrelitzer87', 'nburtwhistle5'),
       ('hhuggard21', 'mbeckitt85'),
       ('lpatman19', 'ifruser3h'),
       ('wriba17', 'rsedgemondp'),
       ('jitzhayek45', 'tshemmin1e'),
       ('tcornillir', 'rsearl1g'),
       ('bdooneyv', 'rmeeland27'),
       ('kvercruysse3g', 'rsiemens3x'),
       ('tgoakesj', 'fnial84'),
       ('tari', 'hhindrich1y'),
       ('hhuggard21', 'lhurich2g'),
       ('kcharkham1v', 'ejuett3s'),
       ('cgoddman2n', 'gbunt88'),
       ('cgoddman2n', 'rmeeland27'),
       ('bwyant1f', 'bhandlin3p'),
       ('pschimon2o', 'iobell1c'),
       ('lparradiceq', 'jbarbrook3v'),
       ('sdowdalls', 'lstallwood3c'),
       ('tari', 'gmendez39'),
       ('lcaffery1j', 'hdillingston19'),
       ('etompkin1k', 'gshawl29'),
       ('gbunt88', 'jgrinston2x'),
       ('keva80', 'calsina1o'),
       ('gbanister4', 'ppuckinghorne3b'),
       ('pschimon2o', 'htrimble3d'),
       ('wriba17', 'emion4'),
       ('aashdown3l', 'gmendez39'),
       ('rgianulli20', 'omelbury3e'),
       ('tviegas8a', 'pdilliway2'),
       ('astubbings2v', 'sparkes1'),
       ('xmaldin8', 'swretham7z'),
       ('mizak41', 'aurquhart2i'),
       ('lparradiceq', 'mmercey7'),
       ('ebreadon3n', 'deastup28'),
       ('cstrelitzer87', 'rgajewski3y'),
       ('ewiser', 'vmoxted37'),
       ('tviegas8a', 'emion4'),
       ('bdooneyv', 'njandl2a'),
       ('etompkin1k', 'credingtonf'),
       ('tari', 'kbaudinot1g'),
       ('wsandilandsn', 'ssavory23'),
       ('zantonin17', 'mmcgirlx'),
       ('hhuggard21', 'jsemered2j'),
       ('kvercruysse3g', 'mfontenot'),
       ('greckus1k', 'ataverner16'),
       ('tgoakesj', 'iobell1c'),
       ('astubbings2v', 'rmacdearmid23'),
       ('cgoddman2n', 'ccliff2l'),
       ('gbunt88', 'kbaudinot1g'),
       ('xmaldin8', 'astubbings2v'),
       ('tcornillir', 'pgiovanardi3f'),
       ('dkryszka2t', 'pduffil21'),
       ('ebreadon3n', 'tjoncic0'),
       ('ebreadon3n', 'tjosskoviz2k'),
       ('janedoe', 'oguitton11'),
       ('lcaffery1j', 'amcgowan2y'),
       ('kvercruysse3g', 'alangtry1u'),
       ('lpatman19', 'emckeaneyy'),
       ('etompkin1k', 'dedwick13'),
       ('oguitton11', 'ghabben1m'),
       ('thigounet7', 'jitzhayek45'),
       ('janedoe', 'bboytond'),
       ('lpatman19', 'vgouley2z'),
       ('oguitton11', 'cbousfield1i'),
       ('aashdown3l', 'dpickovert'),
       ('bwhymark6', 'gshawl29'),
       ('pschimon2o', 'rchichgar3w'),
       ('lpatman19', 'aniceberg'),
       ('mscoggan6', 'kheifer2m'),
       ('sdowdalls', 'kblumson2u'),
       ('rgajewski3y', 'fhasluck3z'),
       ('janedoe', 'tviegas8a'),
       ('ewiser', 'tghirigori1c'),
       ('rgianulli20', 'cmogg1a'),
       ('wriba17', 'njandl2a'),
       ('xmaldin8', 'cdelascy1j'),
       ('janedoe', 'ataverner16'),
       ('kcharkham1v', 'hhuggard21'),
       ('ewiser', 'etompkin1k'),
       ('jitzhayek45', 'aashdown3l'),
       ('astubbings2v', 'kmaclardie2d'),
       ('xmaldin8', 'jkeyser3u'),
       ('thigounet7', 'kbrewoodm'),
       ('tbowlands1p', 'tjosskoviz2k'),
       ('lparradiceq', 'kbrewoodm'),
       ('ewiser', 'ataverner16'),
       ('astubbings2v', 'nabello'),
       ('jitzhayek45', 'rstrathe2e'),
       ('rgajewski3y', 'tgauthorpp36');

INSERT INTO Brand (name)
VALUES ('Eimbee'),
       ('Flipbug'),
       ('Realmix'),
       ('Blogtag'),
       ('Eadel'),
       ('Pixonyx'),
       ('Skimia'),
       ('Rhynoodle'),
       ('Wikizz'),
       ('Zoombeat'),
       ('Skipstorm'),
       ('Bubblebox'),
       ('Yotz'),
       ('Zazio'),
       ('Tavu'),
       ('Leexo'),
       ('Brightdog'),
       ('Mita'),
       ('Divape'),
       ('Livetube'),
       ('Dabfeed'),
       ('Roomm'),
       ('Wordpedia'),
       ('Livefish'),
       ('Meetz'),
       ('Trilia'),
       ('Mycat'),
       ('Lajo'),
       ('Trudeo'),
       ('Geba');

INSERT INTO Brand (name)
VALUES ('vestibulum'),
       ('donec'),
       ('habitasse'),
       ('dictumst'),
       ('mauris'),
       ('phasellus'),
       ('in'),
       ('nin'),
       ('consequat'),
       ('urna');

INSERT INTO Video (comments, likes, shares, duration, caption, brandname)
VALUES (9087, 4785, 9236, 24.56, 'Cras in purus eu magna vulputate luctus.', 'urna'),
       (8166, 6240, 879, 16.41, 'In est risus, auctor sed, tristique in, tempus sit amet, sem.', 'Trilia'),
       (541, 2407, 5896, 38.1,
        'Aliquam quis turpis eget elit sodales scelerisque. Mauris sit amet eros. Suspendisse accumsan tortor quis turpis.',
        'donec'),
       (6230, 519, 4073, 34.41,
        'Lorem ipsum dolor sit amet, consectetuer adipiscing elit. Proin risus. Praesent lectus.', 'Skimia'),
       (7375, 8732, 219, 24.83, 'Cras pellentesque volutpat dui Vestibulum ante ipsum pram.', 'Nike'),
       (1056, 665, 1418, 22.44, 'Vivamus vel nulla eget eros elementum pellentesque. Quisque porta volutpat erat.',
        'Zoombeat'),
       (6782, 3844, 5776, 36.5, 'Donec posuere metus vitae ipsum. Aliquam non mauris.', 'mauris'),
       (4120, 9806, 2092, 46.28, 'Cras non velit nec nisi vulputate nonummy. Maecenas tincidunt l', 'Brightdog'),
       (4190, 5123, 4774, 14.44,
        'In hac habitasse platea dictumst. Morbi vestibulum, velit id pretium iaculis, diam erat fermentum justo, nec condimentum neque sapien placerat ante. Nulla justo.',
        'in'),
       (7379, 497, 2848, 7.72, 'Phasellus in felis.', 'Brightdog'),
       (839, 1818, 7004, 29.45, 'Aliquam augue quam, sollicitudin vitae, consectetuer eget, rutrum at, lorem.', 'urna'),
       (784, 3546, 1710, 56.58, 'Nulla justo.', 'Meetz'),
       (8390, 8304, 2994, 26.75, 'Maecenas tristique, est et teere cubilia Curae, Mauris viverra diam ', 'mauris'),
       (3548, 971, 5563, 2.8, 'Proin risus. Praesent lectus.', 'Skimia'),
       (3541, 7157, 6399, 31.14, 'Integer tincidunt ante vel ipsum.', 'Realmix'),
       (8703, 9457, 4330, 22.2, 'Integer pede justo, lacinia eget, tincidunt eget, tempus vel, pede.', 'Trudeo'),
       (2605, 7757, 8034, 47.8, 'Vestibulum rutrum rutrum neque. Aenean auctor gravida sem.', 'Eimbee'),
       (6915, 8658, 509, 52.39, ', sit amet eleifend pede libero quis orci.', 'Livetube'),
       (1124, 9130, 2291, 43.26, 'Donec odio justo, sollicitudin ut, suscipit a, feugiat et, eros.', 'habitasse'),
       (6243, 129, 9828, 21.22, 'pien dignissim vestibulum.', 'urna'),
       (9971, 5222, 1726, 27.92, 'Ut tellus. Nulla ut erat id mauris vulputate elementum. Nullam varius.', 'Mycat'),
       (8279, 6213, 8894, 29.46, 'elementum eu, interdum eu, tincidunt in, leo.', 'Trudeo'),
       (84, 1964, 1669, 51.38, ' eleifend pede libero quis orci.', 'Flipbug'),
       (1965, 7126, 6561, 6.02, 'In quis justo. Maecenas rhoncus aliquam lacus.', 'consequat'),
       (9332, 5411, 300, 24.44, 'Aliquam augue quam, sollicitudin vitae, consectetuer eget, rutrum at, lorem.',
        'Wikizz'),
       (8496, 8411, 7902, 16.77, 'Ut tellus. Nulla ut erat id mauris vulputate elementum. Nullam varius.', 'Realmix'),
       (2576, 9571, 8889, 54.91, 'Donec odio justo.', 'Leexo'),
       (3110, 7909, 9189, 19.85, 'Vivamus vel nulla eget eros elementum pellentesque.', 'Rhynoodle'),
       (3534, 4375, 420, 44.69, 'Nunc rhoncus dui vel sem.', 'Tavu'),
       (6931, 9535, 5456, 52.07, 'Etiam vel augue. Vestibulum rutrum rutrum neque.', 'Tavu'),
       (344, 5070, 5021, 5.3,
        'Nulla dapibus dolor vel est. Donec odio justo, sollicitudin ut, suscipit a, feugiat et, eros.', 'Zoombeat'),
       (8476, 9187, 8458, 22.95,
        'Donec dapibus. Duis at velit eu est congue elementum. In hac habitasse platea dictumst.', 'Tavu'),
       (6832, 4413, 4826, 11.41,
        'Fusce lacus purus, aliquet at, feugiat non, pretium quis, lectus. Suspendisse potenti.', 'Leexo'),
       (7690, 8590, 4409, 30.59,
        'Praesent blandit lacinia erat. Vestibulum sed magna at nunc commodo placerat. Praesent blandit.', 'Trudeo'),
       (7525, 6324, 8186, 31.58,
        'Maecenas tincidunt lacus at velit. Vivamus vel nulla eget eros elementum pellentesque.', 'Bubblebox'),
       (9762, 9770, 7835, 7.34, 'Phasellus in felis. Donec semper sapien a libero. Nam dui.', 'Wikizz'),
       (7580, 5600, 9648, 38.75, 'Quisque ut erat. Curabitur gravida nisi at nibh.', 'in'),
       (1580, 8882, 1345, 47.78, 'Nunc nisl. Duis bibendum, felis sed interdum .', 'Eimbee'),
       (1192, 6457, 8977, 26.19, 'Etiam faucibus cursus urna. Ut tellus.', 'phasellus'),
       (7323, 7882, 3812, 8.04,
        'Suspendisse ornare consequat lectus. In est risus, auctor sed, tristique in, tempus sit amet, sem. Fusce consequat.',
        'Livetube'),
       (608, 1177, 2055, 44.85, 'Sed ante.', 'Eadel'),
       (2408, 2042, 182, 29.11, 'Curabitur gravida nisi at nibh. In hac habitasse platea dictumst.', 'Roomm'),
       (4789, 1206, 6325, 34.9, 'Maecenas pulvinar lobortis est. Phasellus sit amet erat.', 'Bubblebox'),
       (2367, 3075, 2618, 27.33, 'Curabitur in libero ut massa volutpat convallis.', 'Nike'),
       (320, 4674, 2914, 21.61, 'Etiam faucibus cursus urna. Ut tellus.', 'Lajo'),
       (4337, 9533, 4031, 42.55, 'Aenean sit amet justo. Morbi ut odio. Cras mi pede, malesuada in, imperdiet',
        'Realmix'),
       (1436, 8115, 4173, 10.82,
        'In tempor, turpis nec euismod scelerisque, quam turpis adipiscing lorem, vitae mattis nibh ligula nec sem. Duis aliquam convallis nunc. Proin at turpis a pede posuere nonummy.',
        'mauris'),
       (1880, 4742, 2934, 59.4, 'Vestibulum sed magna at nunc commodo placerat. Praesent blandit.', 'dictumst'),
       (7495, 4346, 8159, 52.98,
        'Morbi sem mauris, laoreet ut, rhoncus aliquet, pulvinar sed, nisl. Nunc rhoncus dui vel sem. Sed sagittis.',
        'vestibulum'),
       (4685, 6962, 5983, 56.04, 'Donec ut mauris eget massa tempor convallis.', 'Livefish'),
       (2873, 3626, 1299, 27.51,
        'Phasellus id sapien in sapien iaculis congue. Vivamus metus arcu, adipiscing molestie, hendrerit at, vulputate vitae, nisl.',
        'Realmix'),
       (7731, 9972, 6923, 53.53,
        'Mauris enim leo, rhoncus sed, vestibulum sit amet, cursus id, turpis. Integer alel accumsan tellus nisi eu orci. M.',
        'Eadel'),
       (6287, 3988, 9741, 45.68,
        'Vestibulum ante ipsum primis in faucibus orci luctus et ultricellicitudin mi, sit amet lobortis sapien sapien non mi.',
        'Leexo'),
       (3169, 6556, 3459, 44.08,
        'Morbi sem mauris, laoreet ut, rhoncus aliquet, pulvinar sed, nisl. Nunc rhoncus dui vel sem.', 'Divape'),
       (6281, 4451, 4538, 7.27,
        'In tempor, turpis nec euismod scelerisque, quam turpis adipiscing lorem, vitae mattis nibh ligula nec sem. Duis aliquam convallis nunc.',
        'Lululemon'),
       (9716, 2202, 5865, 48.07,
        'Morbi vestibulum, velit id pretium iaculis, diam erat fermentum justo, nec condimentum neque sapien placerat ante. Nulla justo. Aliquam quis turpis eget elit sodales scelerisque.',
        'vestibulum'),
       (9907, 8307, 8238, 6.61, 'Etiam justo. Etiam pretium iaculis justo. In hac habitasse platea dictumst.',
        'habitasse'),
       (2485, 7602, 4059, 45.23, 'Pellentesque ultrices mattis odio. Donec vitae nisi.', 'Trudeo'),
       (3756, 6894, 7192, 58.14, 'Donec diam neque, vestibulum eget, mi, sit amet lobortis sapien sapien non mi.',
        'Dabfeed'),
       (5345, 4515, 1078, 8.25, 'Ut at dolor quis odio consequat varius. Integer ac leo.', 'Eimbee');

INSERT INTO Posts(influencerUsername, videoId)
VALUES  ('tbowlands1p', 35),
 ('dkryszka2t', 56),
 ('tcornillir', 49),
 ('tcornillir', 9),
 ('dkryszka2t', 57),
 ('dkryszka2t', 59),
 ('tbowlands1p', 1),
 ('janedoe', 7),
 ('ebreadon3n', 33),
 ('wsandilandsn', 39),
 ('wriba17', 43),
 ('tari', 35),
 ('kvercruysse3g', 11),
 ('kcharkham1v', 10),
 ('cstrelitzer87', 3),
 ('kvercruysse3g', 63),
 ('gbanister4', 37),
 ('ebreadon3n', 27),
 ('xmaldin8', 39),
 ('cstrelitzer87', 45),
 ('xmaldin8', 64),
 ('bwyant1f', 43),
 ('thigounet7', 62),
 ('dkryszka2t', 44),
 ('ewiser', 19),
 ('bwhymark6', 22),
 ('pschimon2o', 40),
 ('kvercruysse3g', 8),
 ('lparradiceq', 36),
 ('mizak41', 61),
 ('cbrauningeri', 28),
 ('pduffil21', 42),
 ('ewiser', 4),
 ('lcaffery1j', 22),
 ('kcharkham1v', 11),
 ('tstollberg1z', 64),
 ('ejuett3s', 61),
 ('mscoggan6', 60),
 ('thigounet7', 51),
 ('bdooneyv', 63),
 ('ejuett3s', 31),
 ('lcaffery1j', 65),
 ('cgoddman2n', 29),
 ('pschimon2o', 4),
 ('mizak41', 8),
 ('ewiser', 26),
 ('mizak41', 22),
 ('tari', 52),
 ('bwhymark6', 34),
 ('oguitton11', 31),
 ('tviegas8a', 33),
 ('tviegas8a', 26),
 ('greckus1k', 65),
 ('ebreadon3n', 46),
 ('bdooneyv', 37),
 ('tviegas8a', 38),
 ('keva80', 50),
 ('rgajewski3y', 49),
 ('bwyant1f', 8),
 ('rgianulli20', 20),
 ('kcharkham1v', 9),
 ('gbunt88', 60),
 ('rgajewski3y', 45),
 ('lpatman19', 12),
 ('jitzhayek45', 59),
 ('kfenge11', 45),
 ('kfenge11', 35),
 ('tstollberg1z', 12),
 ('bdooneyv', 43),
 ('rgianulli20', 21),
 ('mscoggan6', 16),
 ('lcaffery1j', 22),
 ('mfontenot', 52),
 ('tcornillir', 8),
 ('cbrauningeri', 51),
 ('kcharkham1v', 30),
 ('greckus1k', 17),
 ('cstrelitzer87', 26),
 ('aashdown3l', 29),
 ('xmaldin8', 36),
 ('tstollberg1z', 7),
 ('mizak41', 56),
 ('pduffil21', 40),
 ('wsandilandsn', 37),
 ('tviegas8a', 38),
 ('mfontenot', 12),
 ('sdowdalls', 38),
 ('etompkin1k', 2),
 ('tshemmin1e', 15),
 ('zantonin17', 36),
 ('rgianulli20', 10),
 ('ebreadon3n', 17),
 ('aashdown3l', 25),
 ('keva80', 8),
 ('dkryszka2t', 62),
 ('tshemmin1e', 61),
 ('rissitt0', 17),
 ('kfenge11', 52),
 ('oguitton11', 41),
 ('kvercruysse3g', 13),
 ('ewiser', 14),
 ('pschimon2o', 28),
 ('tshemmin1e', 29),
 ('ejuett3s', 22),
 ('etompkin1k', 56),
 ('rgajewski3y', 56),
 ('wsandilandsn', 40),
 ('zantonin17', 17),
 ('wriba17', 19),
 ('lpatman19', 23),
 ('stedahl16', 24),
 ('oguitton11', 38),
 ('dkryszka2t', 13),
 ('kcharkham1v', 13),
 ('tcornillir', 20),
 ('bwhymark6', 2),
 ('greckus1k', 38),
 ('cgoddman2n', 5),
 ('tshemmin1e', 32),
 ('sdowdalls', 56),
 ('keva80', 11),
 ('kcharkham1v', 55),
 ('tstollberg1z', 47),
 ('wriba17', 62),
 ('xmaldin8', 42),
 ('sdowdalls', 65),
 ('kfenge11', 48),
 ('wsandilandsn', 5),
 ('bwyant1f', 23),
 ('janedoe', 9),
 ('xmaldin8', 17),
 ('gbunt88', 18),
 ('ewiser', 30),
 ('tcornillir', 5),
 ('zantonin17', 30),
 ('jitzhayek45', 4),
 ('tcornillir', 64),
 ('pduffil21', 55),
 ('tgoakesj', 48),
 ('kcharkham1v', 59),
 ('gbanister4', 45),
 ('lparradiceq', 24),
 ('zantonin17', 3),
 ('bwyant1f', 33),
 ('ebreadon3n', 59),
 ('ewiser', 41),
 ('lcaffery1j', 23),
 ('mizak41', 21),
 ('pschimon2o', 44),
 ('thigounet7', 27),
 ('xmaldin8', 24),
 ('wriba17', 17),
 ('thigounet7', 7),
 ('mscoggan6', 60),
 ('tcornillir', 39),
 ('cbrauningeri', 10),
 ('tari', 34),
 ('mfontenot', 47),
 ('mfontenot', 56),
 ('greckus1k', 50),
 ('etompkin1k', 50),
 ('kvercruysse3g', 56),
 ('tbowlands1p', 4),
 ('wsandilandsn', 60),
 ('cstrelitzer87', 2),
 ('hhuggard21', 42),
 ('keva80', 32),
 ('aashdown3l', 2),
 ('cgoddman2n', 59),
 ('bdooneyv', 32),
 ('ewiser', 53),
 ('xmaldin8', 2),
 ('jitzhayek45', 58),
 ('etompkin1k', 25),
 ('lparradiceq', 41),
 ('mscoggan6', 40),
 ('wsandilandsn', 7),
 ('tari', 35),
 ('ewiser', 6),
 ('tgoakesj', 28),
 ('lpatman19', 60),
 ('kcharkham1v', 37),
 ('thigounet7', 41),
 ('tari', 57),
 ('bwhymark6', 18),
 ('astubbings2v', 11),
 ('dkryszka2t', 27),
 ('gbanister4', 30),
 ('cbrauningeri', 55),
 ('pduffil21', 37),
 ('tshemmin1e', 61),
 ('kcharkham1v', 14),
 ('pduffil21', 4),
 ('gbanister4', 46),
 ('cbrauningeri', 60),
 ('mfontenot', 41),
 ('tstollberg1z', 15),
 ('tshemmin1e', 45),
 ('ewiser', 51),
 ('cgoddman2n', 39),
 ('pschimon2o', 46),
 ('tbowlands1p', 35),
 ('rissitt0', 21),
 ('greckus1k', 38),
 ('rgajewski3y', 49),
 ('cgoddman2n', 63),
 ('bwyant1f', 26),
 ('jitzhayek45', 11),
 ('greckus1k', 23),
 ('mfontenot', 45),
 ('cstrelitzer87', 9),
 ('hhuggard21', 33),
 ('bwyant1f', 41),
 ('wsandilandsn', 25),
 ('oguitton11', 37),
 ('mscoggan6', 19),
 ('bwyant1f', 31),
 ('rissitt0', 45),
 ('tgoakesj', 37),
 ('kcharkham1v', 46),
 ('zantonin17', 64),
 ('tari', 52),
 ('xmaldin8', 51),
 ('xmaldin8', 47),
 ('ebreadon3n', 43),
 ('pduffil21', 10),
 ('tbowlands1p', 25),
 ('gbunt88', 49),
 ('tgoakesj', 13),
 ('cbrauningeri', 64),
 ('mscoggan6', 20),
 ('ewiser', 26),
 ('xmaldin8', 23),
 ('mfontenot', 62),
 ('tviegas8a', 50),
 ('tstollberg1z', 2),
 ('kcharkham1v', 17),
 ('gbunt88', 10),
 ('etompkin1k', 62),
 ('wsandilandsn', 45),
 ('jitzhayek45', 11),
 ('astubbings2v', 25),
 ('mfontenot', 43),
 ('lcaffery1j', 55),
 ('zantonin17', 18),
 ('dkryszka2t', 11),
 ('oguitton11', 59),
 ('lpatman19', 65),
 ('bwhymark6', 57),
 ('bwhymark6', 28),
 ('aashdown3l', 52),
 ('gbunt88', 26),
 ('hhuggard21', 37),
 ('wriba17', 45),
 ('janedoe', 30),
 ('janedoe', 7),
 ('rgajewski3y', 55),
 ('cstrelitzer87', 6),
 ('wsandilandsn', 58),
 ('ebreadon3n', 58),
 ('rgianulli20', 47),
 ('tcornillir', 39),
 ('greckus1k', 56),
 ('tviegas8a', 37),
 ('xmaldin8', 37),
 ('rgajewski3y', 15),
 ('ejuett3s', 47),
 ('rgianulli20', 51),
 ('cbrauningeri', 45),
 ('rgianulli20', 27),
 ('xmaldin8', 6),
 ('bwhymark6', 31),
 ('ewiser', 64),
 ('ebreadon3n', 27),
 ('rgianulli20', 7),
 ('tshemmin1e', 39),
 ('thigounet7', 9),
 ('xmaldin8', 23),
 ('tari', 21),
 ('kcharkham1v', 32),
 ('rgajewski3y', 32),
 ('dkryszka2t', 17),
 ('aashdown3l', 57),
 ('tshemmin1e', 27),
 ('tviegas8a', 61),
 ('sdowdalls', 43),
 ('tviegas8a', 16),
 ('bwhymark6', 12),
 ('oguitton11', 29),
 ('pduffil21', 42),
 ('ewiser', 36),
 ('tgoakesj', 49),
 ('mizak41', 56),
 ('lparradiceq', 27),
 ('cstrelitzer87', 15),
 ('tbowlands1p', 60),
 ('ebreadon3n', 7),
 ('bwhymark6', 30),
 ('greckus1k', 48),
 ('ebreadon3n', 63);

-- Personal trainer mock data
INSERT INTO PersonalTrainer (username, qualifiedsince)
values ('ljarvie1x', '2008-09-22'),
       ('ghabben1m', '2009-08-04'),
       ('tghirigori1c', '2010-10-29'),
       ('lpeye2p', '2015-06-26'),
       ('tviegas8a', '2004-12-21'),
       ('pgiovanardi3f', '2018-06-08'),
       ('cmcparlin30', '2016-11-14'),
       ('vfranzschoninger1s', '2018-12-17'),
       ('astubbings2v', '2008-02-17'),
       ('kcharkham1v', '2003-05-14'),
       ('kgooderick1d', '2001-02-15'),
       ('jdoe', '2018-04-12'),
       ('hdoumerque2r', '2020-01-20'),
       ('kvercruysse3g', '2019-01-03'),
       ('tcornillir', '2007-02-04'),
       ('bwhitnall3i', '2008-04-20'),
       ('gphilip25', '2020-01-18'),
       ('rgajewski3y', '2008-12-04'),
       ('ccliff2l', '2006-02-23'),
       ('bcapner1d', '2009-01-27'),
       ('estorekw', '2008-03-26'),
       ('eheeneyk', '2003-12-15'),
       ('jagett10', '2009-03-13'),
       ('jgrinston2x', '2006-11-22'),
       ('kbrewoodm', '2011-02-10'),
       ('xmaldin8', '2006-11-12'),
       ('jkeyser3u', '2021-02-15'),
       ('lrustman40', '2014-04-04'),
       ('trandles35', '2003-09-03'),
       ('iobell1c', '2016-10-05'),
       ('rsell89', '2019-08-26'),
       ('bmccreery3r', '2020-02-25'),
       ('rchichgar3w', '2020-08-13'),
       ('drosenbaum1i', '2002-11-26'),
       ('mmacfarlane1f', '2009-02-22'),
       ('mmercey7', '2015-11-08'),
       ('rbridat13', '2005-02-23'),
       ('stedahl16', '2013-12-04'),
       ('abernaldo3k', '2011-10-19'),
       ('bhowarthc', '2005-03-28'),
       ('gshawl29', '2020-01-17'),
       ('alamke42', '2013-09-27'),
       ('dkryszka2t', '2007-08-30'),
       ('bwyant1f', '2008-02-11'),
       ('casif1l', '2006-03-01'),
       ('lcaffery1j', '2016-11-09'),
       ('rmacdearmid23', '2008-06-10'),
       ('htrimble3d', '2019-01-07'),
       ('ncoolbear9', '2011-03-20'),
       ('tfinan1h', '2016-05-22'),
       ('tgoakesj', '2011-01-21'),
       ('emckeaneyy', '2008-06-15');


INSERT INTO PersonalTrainerClient(trainerUsername, clientUsername)
VALUES ('abernaldo3k', 'swretham7z'),
       ('alamke42', 'jgrinston2x'),
       ('aniceberg', 'dkryszka2t'),
       ('astubbings2v', 'ygageng'),
       ('bcapner1d', 'mmercey7'),
       ('bhowarthc', 'bwhymark6'),
       ('bmccreery3r', 'rmarklund22'),
       ('bwhitnall3i', 'lcaffery1j'),
       ('bwyant1f', 'bmccreery3r'),
       ('casif1l', 'iseer1t'),
       ('ccliff2l', 'hclemo1m'),
       ('cmcparlin30', 'jmcpakeo'),
       ('dkryszka2t', 'lgreguoli82'),
       ('drosenbaum1i', 'vgouley2z'),
       ('eheeneyk', 'vgouley2z'),
       ('emckeaneyy', 'whatt1r'),
       ('estorekw', 'jitzhayek45'),
       ('ewiser', 'mmacfarlane1f'),
       ('ghabben1m', 'msevers81'),
       ('gphilip25', 'drosenbaum1i'),
       ('gshawl29', 'xmaldin8'),
       ('hdoumerque2r', 'lcanaan9'),
       ('htrimble3d', 'mfontenot'),
       ('iobell1c', 'pculverhouse22'),
       ('jagett10', 'ataverner16'),
       ('jdoe', 'tcornillir'),
       ('jgrinston2x', 'ashrawley33'),
       ('jkeyser3u', 'ssavory23'),
       ('kbrewoodm', 'cfeirn1b'),
       ('kcharkham1v', 'casif1l'),
       ('kgooderick1d', 'tfinan1h'),
       ('kvercruysse3g', 'ewiser'),
       ('lcaffery1j', 'ebreadon3n'),
       ('ljarvie1x', 'aurquhart2i'),
       ('lpeye2p', 'eheeneyk'),
       ('lrustman40', 'bwhymark6'),
       ('mmacfarlane1f', 'hdillingston19'),
       ('mmercey7', 'jkolyagin32'),
       ('ncoolbear9', 'xmaldin8'),
       ('pgiovanardi3f', 'jdoe'),
       ('rbridat13', 'fnial84'),
       ('rchichgar3w', 'tstollberg1z'),
       ('rgajewski3y', 'ssavory23'),
       ('rmacdearmid23', 'khaggerty3m'),
       ('rsell89', 'atrowela'),
       ('stedahl16', 'dedwick13'),
       ('tcornillir', 'wfarguhar1a'),
       ('tfinan1h', 'amcgowan2y'),
       ('tghirigori1c', 'amcgowan2y'),
       ('tgoakesj', 'aashdown3l'),
       ('trandles35', 'ygageng'),
       ('tviegas8a', 'locarran44'),
       ('vfranzschoninger1s', 'credingtonf'),
       ('xmaldin8', 'bhandlin3p'),
       ('abernaldo3k', 'gphilip25'),
       ('alamke42', 'wsandilandsn'),
       ('aniceberg', 'egillbanks5'),
       ('astubbings2v', 'ataverner16'),
       ('bcapner1d', 'drosenbaum1i'),
       ('bhowarthc', 'aashdown3l'),
       ('bmccreery3r', 'rsearl1g'),
       ('bwhitnall3i', 'sfosse1'),
       ('bwyant1f', 'rchichgar3w'),
       ('casif1l', 'qsinkin27'),
       ('ccliff2l', 'tstollberg1z'),
       ('cmcparlin30', 'rsell89'),
       ('dkryszka2t', 'cmogg1a'),
       ('drosenbaum1i', 'ncoolbear9'),
       ('eheeneyk', 'cnabarro8'),
       ('emckeaneyy', 'rsedgemondp'),
       ('estorekw', 'ewiser'),
       ('ewiser', 'rsearl1g'),
       ('ghabben1m', 'vgouley2z'),
       ('gphilip25', 'tfinan1h'),
       ('gshawl29', 'rgianulli20'),
       ('hdoumerque2r', 'njandl2a'),
       ('iobell1c', 'ogrindley14'),
       ('jagett10', 'tfessions1z'),
       ('jdoe', 'rstrathe2e'),
       ('jgrinston2x', 'nabello'),
       ('jkeyser3u', 'ebreadon3n'),
       ('kbrewoodm', 'gbeeres26'),
       ('kcharkham1v', 'thabble25'),
       ('kgooderick1d', 'abernaldo3k'),
       ('kvercruysse3g', 'qsinkin27'),
       ('lcaffery1j', 'whatt1r'),
       ('ljarvie1x', 'sfosse1'),
       ('lpeye2p', 'ssavory23'),
       ('lrustman40', 'rstrathe2e'),
       ('mmacfarlane1f', 'ahallworth7o'),
       ('mmercey7', 'njandl2a'),
       ('ncoolbear9', 'etompkin1k'),
       ('pgiovanardi3f', 'kblumson2u'),
       ('rbridat13', 'aalflat2s'),
       ('rchichgar3w', 'ogrindley14'),
       ('rgajewski3y', 'omelbury3e'),
       ('rmacdearmid23', 'bmccreery3r'),
       ('rsell89', 'tshemmin1e'),
       ('stedahl16', 'tfessions1z'),
       ('tcornillir', 'thigounet7'),
       ('tfinan1h', 'vfranzschoninger1s'),
       ('tghirigori1c', 'mbeckitt85'),
       ('tgoakesj', 'lkenton12'),
       ('trandles35', 'kcharkham1v'),
       ('tviegas8a', 'xmaldin8'),
       ('vfranzschoninger1s', 'mmacfarlane1f'),
       ('xmaldin8', 'bwhymark6'),
       ('abernaldo3k', 'wflather3j'),
       ('alamke42', 'pschimon2o'),
       ('aniceberg', 'grisen18'),
       ('astubbings2v', 'gbeeres26'),
       ('bcapner1d', 'kcharkham1v'),
       ('bhowarthc', 'aurquhart2i'),
       ('bmccreery3r', 'dedwick13'),
       ('bwhitnall3i', 'kmaclardie2d'),
       ('bwyant1f', 'oguitton11'),
       ('casif1l', 'mwestgate2h'),
       ('ccliff2l', 'aeggerton1y'),
       ('cmcparlin30', 'cmogg1a'),
       ('dkryszka2t', 'wflather3j'),
       ('drosenbaum1i', 'bhowarthc'),
       ('eheeneyk', 'kblumson2u'),
       ('emckeaneyy', 'pduffil21'),
       ('estorekw', 'kbaudinot1g'),
       ('ewiser', 'aniceberg'),
       ('ghabben1m', 'dedinburough3t'),
       ('gphilip25', 'cpetry1l'),
       ('gshawl29', 'kheifer2m'),
       ('hdoumerque2r', 'rsell89'),
       ('htrimble3d', 'abernaldo3k'),
       ('iobell1c', 'wriba17'),
       ('jagett10', 'ejuett3s'),
       ('jdoe', 'calsina1o'),
       ('jgrinston2x', 'rissitt0'),
       ('jkeyser3u', 'cfeirn1b'),
       ('kbrewoodm', 'lpatman19'),
       ('kcharkham1v', 'estorekw'),
       ('kgooderick1d', 'jitzhayek45'),
       ('kvercruysse3g', 'gphilip25'),
       ('lcaffery1j', 'hdoumerque2r'),
       ('ljarvie1x', 'bwyant1f'),
       ('lpeye2p', 'iobell1c'),
       ('lrustman40', 'abernaldo3k'),
       ('mmacfarlane1f', 'oguitton11'),
       ('ncoolbear9', 'fhasluck3z'),
       ('pgiovanardi3f', 'vmoxted37'),
       ('rbridat13', 'nburtwhistle5'),
       ('rchichgar3w', 'elamburn28'),
       ('rgajewski3y', 'mmerigot12'),
       ('rmacdearmid23', 'smartinek3a'),
       ('rsell89', 'iobell1c'),
       ('stedahl16', 'bbarzen86'),
       ('tcornillir', 'bcapner1d'),
       ('tfinan1h', 'hhindrich1y'),
       ('tghirigori1c', 'atrowela'),
       ('tgoakesj', 'ahallworth7o'),
       ('trandles35', 'relvey2q'),
       ('tviegas8a', 'bnapoleone20'),
       ('vfranzschoninger1s', 'lstallwood3c'),
       ('xmaldin8', 'astubbings2v'),
       ('abernaldo3k', 'lkenton12'),
       ('alamke42', 'kbrewoodm'),
       ('aniceberg', 'kbrewoodm'),
       ('astubbings2v', 'wgurnelll'),
       ('bcapner1d', 'egillbanks5'),
       ('bhowarthc', 'iseer1t'),
       ('bmccreery3r', 'bwhymark6'),
       ('bwhitnall3i', 'rsedgemondp'),
       ('bwyant1f', 'calsina1o'),
       ('casif1l', 'relvey2q'),
       ('ccliff2l', 'kvercruysse3g'),
       ('cmcparlin30', 'wgurnelll'),
       ('dkryszka2t', 'kbrewoodm'),
       ('drosenbaum1i', 'mmerigot12'),
       ('eheeneyk', 'svalenssmith2f'),
       ('emckeaneyy', 'rpuckham3'),
       ('estorekw', 'wgurnelll'),
       ('ewiser', 'tfinan1h'),
       ('ghabben1m', 'vgisburne38'),
       ('gphilip25', 'bhandlin3p'),
       ('gshawl29', 'keva80'),
       ('hdoumerque2r', 'rsiemens3x'),
       ('htrimble3d', 'kwoodman1w'),
       ('iobell1c', 'rsedgemondp'),
       ('jagett10', 'kwoodman1w'),
       ('jdoe', 'lmillimoe2w'),
       ('jgrinston2x', 'credingtonf'),
       ('jkeyser3u', 'tari'),
       ('kbrewoodm', 'gwitheford34'),
       ('kcharkham1v', 'etompkin1k'),
       ('kgooderick1d', 'bbarzen86'),
       ('kvercruysse3g', 'tviegas8a'),
       ('lcaffery1j', 'rsedgemondp'),
       ('ljarvie1x', 'lpeye2p'),
       ('lpeye2p', 'sfosse1'),
       ('lrustman40', 'rgianulli20'),
       ('mmacfarlane1f', 'mwestgate2h'),
       ('mmercey7', 'gbeeres26'),
       ('ncoolbear9', 'calsina1o'),
       ('pgiovanardi3f', 'aurquhart2i'),
       ('rbridat13', 'rbernade3'),
       ('rchichgar3w', 'swretham7z'),
       ('rgajewski3y', 'rsiemens3x'),
       ('rmacdearmid23', 'jkeyser3u'),
       ('rsell89', 'emion4'),
       ('stedahl16', 'ieberz3o'),
       ('tcornillir', 'pculverhouse22'),
       ('tfinan1h', 'credingtonf'),
       ('tghirigori1c', 'dedinburough3t'),
       ('tgoakesj', 'ssavory23'),
       ('trandles35', 'vgouley2z'),
       ('tviegas8a', 'rsedgemondp'),
       ('vfranzschoninger1s', 'vfranzschoninger1s'),
       ('xmaldin8', 'grisen18'),
       ('abernaldo3k', 'eburdikin15'),
       ('aniceberg', 'lcaffery1j'),
       ('astubbings2v', 'mizak41'),
       ('bcapner1d', 'wfarguhar1a'),
       ('bhowarthc', 'calsina1o'),
       ('bmccreery3r', 'omelbury3e'),
       ('bwhitnall3i', 'rtalby2c'),
       ('bwyant1f', 'gbeeres26'),
       ('casif1l', 'kblumson2u'),
       ('ccliff2l', 'rstrathe2e'),
       ('cmcparlin30', 'msevers81'),
       ('dkryszka2t', 'gshawl29'),
       ('drosenbaum1i', 'gbunt88'),
       ('eheeneyk', 'lmillimoe2w'),
       ('emckeaneyy', 'ygageng'),
       ('estorekw', 'tari'),
       ('ewiser', 'swretham7z'),
       ('ghabben1m', 'wgurnelll'),
       ('gphilip25', 'vgisburne38'),
       ('gshawl29', 'bhowarthc'),
       ('hdoumerque2r', 'kbrewoodm'),
       ('htrimble3d', 'tari'),
       ('iobell1c', 'rmeeland27'),
       ('jagett10', 'oguitton11'),
       ('jdoe', 'scoysh83'),
       ('jgrinston2x', 'deastup28'),
       ('jkeyser3u', 'hdoumerque2r'),
       ('kbrewoodm', 'mcogger31'),
       ('kcharkham1v', 'abrithmanz'),
       ('kgooderick1d', 'mmcgirlx'),
       ('kvercruysse3g', 'aashdown3l'),
       ('lcaffery1j', 'sfosse1'),
       ('ljarvie1x', 'ifruser3h'),
       ('lpeye2p', 'aurquhart2i'),
       ('lrustman40', 'kblumson2u'),
       ('mmacfarlane1f', 'lstallwood3c'),
       ('mmercey7', 'lmillimoe2w'),
       ('pgiovanardi3f', 'jsemered2j'),
       ('rchichgar3w', 'ncoolbear9'),
       ('rgajewski3y', 'kdahlback24'),
       ('rmacdearmid23', 'lparradiceq'),
       ('rsell89', 'gphilip25'),
       ('stedahl16', 'thigounet7'),
       ('tcornillir', 'drosenbaum1i'),
       ('tfinan1h', 'mivachyov1n'),
       ('tghirigori1c', 'ogrindley14'),
       ('tgoakesj', 'gmendez39'),
       ('trandles35', 'ghabben1m'),
       ('tviegas8a', 'lprior1h'),
       ('vfranzschoninger1s', 'rmacdearmid23'),
       ('xmaldin8', 'ewiser'),
       ('abernaldo3k', 'rchichgar3w'),
       ('alamke42', 'credingtonf'),
       ('aniceberg', 'lcanaan9'),
       ('astubbings2v', 'mmcgirlx'),
       ('bcapner1d', 'gphilip25'),
       ('bhowarthc', 'ssavory23'),
       ('bmccreery3r', 'atrowela'),
       ('bwhitnall3i', 'tstollberg1z'),
       ('bwyant1f', 'kvercruysse3g'),
       ('casif1l', 'mfontenot'),
       ('cmcparlin30', 'lcaffery1j'),
       ('dkryszka2t', 'rsearl1g'),
       ('drosenbaum1i', 'jagett10'),
       ('eheeneyk', 'htrimble3d'),
       ('emckeaneyy', 'gphilip25'),
       ('estorekw', 'grisen18'),
       ('ewiser', 'cbrauningeri'),
       ('ghabben1m', 'jmoring2'),
       ('gphilip25', 'lvobes15'),
       ('gshawl29', 'wriba17'),
       ('hdoumerque2r', 'rmarklund22'),
       ('htrimble3d', 'rissitt0'),
       ('iobell1c', 'bwyant1f'),
       ('jagett10', 'hsalandino1q'),
       ('jdoe', 'tviegas8a'),
       ('jgrinston2x', 'hhindrich1y'),
       ('jkeyser3u', 'rmarklund22'),
       ('kbrewoodm', 'fnial84'),
       ('kcharkham1v', 'aalflat2s');

INSERT INTO Workout(name, trainerusername)
VALUES ('phasellus', 'lcaffery1j'),
       ('amet', 'stedahl16'),
       ('ultrices vel augue', 'kgooderick1d'),
       ('vel lectus in quam', 'ghabben1m'),
       ('ultrices posuere cubilia curae', 'alamke42'),
       ('at feugiat non pretium quis', 'kgooderick1d'),
       ('sit amet sem fusce', 'astubbings2v'),
       ('erat quisque erat eros', 'tgoakesj'),
       ('cursus vestibulum proin', 'jgrinston2x'),
       ('nunc purus phasellus', 'gphilip25'),
       ('ut ultrices vel augue vestibulum', 'vfranzschoninger1s'),
       ('in', 'eheeneyk'),
       ('rutrum nulla tellus in sagittis', 'jgrinston2x'),
       ('justo sollicitudin', 'jdoe'),
       ('tempus sit amet sem fusce', 'hdoumerque2r'),
       ('pellentesque eget nunc donec', 'cmcparlin30'),
       ('vel ipsum', 'rbridat13'),
       ('vivamus vestibulum', 'kbrewoodm'),
       ('amet', 'tfinan1h'),
       ('dis parturient montes', 'rsell89'),
       ('justo in blandit ultrices enim', 'aniceberg'),
       ('curae nulla dapibus dolor vel', 'tfinan1h'),
       ('cursus vestibulum', 'emckeaneyy'),
       ('vulputate', 'ghabben1m'),
       ('cursus urna ut tellus', 'jkeyser3u'),
       ('non sodales', 'jdoe'),
       ('lobortis sapien', 'tgoakesj'),
       ('odio elementum eu', 'trandles35'),
       ('praesent', 'gshawl29'),
       ('id ligula suspendisse ornare', 'kvercruysse3g'),
       ('sit amet cursus', 'jgrinston2x'),
       ('ultrices', 'ghabben1m'),
       ('turpis sed', 'bmccreery3r'),
       ('in felis donec', 'ghabben1m'),
       ('laoreet ut rhoncus aliquet pulvinar', 'rmacdearmid23'),
       ('pede', 'abernaldo3k'),
       ('convallis', 'jkeyser3u'),
       ('ac tellus semper interdum mauris', 'astubbings2v'),
       ('ut', 'vfranzschoninger1s'),
       ('ac nibh fusce', 'kgooderick1d'),
       ('nascetur ridiculus mus', 'hdoumerque2r'),
       ('erat curabitur gravida', 'ghabben1m'),
       ('nisi', 'xmaldin8'),
       ('cubilia', 'mmacfarlane1f'),
       ('at', 'pgiovanardi3f'),
       ('duis mattis', 'kbrewoodm'),
       ('phasellus id sapien in sapien', 'bmccreery3r'),
       ('morbi vestibulum velit', 'eheeneyk'),
       ('nec sem duis aliquam', 'ccliff2l'),
       ('quis', 'ljarvie1x'),
       ('integer a nibh in', 'jgrinston2x'),
       ('sapien cum sociis', 'dkryszka2t'),
       ('sem praesent', 'rchichgar3w'),
       ('ut tellus', 'pgiovanardi3f'),
       ('rutrum neque aenean auctor', 'alamke42'),
       ('donec quis orci eget', 'kcharkham1v'),
       ('suscipit', 'drosenbaum1i'),
       ('condimentum id', 'tghirigori1c'),
       ('adipiscing', 'ghabben1m'),
       ('montes nascetur ridiculus mus vivamus', 'eheeneyk'),
       ('libero rutrum ac', 'iobell1c'),
       ('rhoncus sed vestibulum', 'astubbings2v'),
       ('quam sollicitudin vitae consectetuer', 'rmacdearmid23'),
       ('dui', 'pgiovanardi3f'),
       ('eget eros', 'bcapner1d'),
       ('orci', 'bmccreery3r'),
       ('nulla', 'jdoe'),
       ('sapien placerat ante', 'jkeyser3u'),
       ('id consequat in consequat ut', 'jkeyser3u'),
       ('vitae', 'rbridat13'),
       ('tempus sit', 'kbrewoodm'),
       ('amet nulla quisque', 'lrustman40'),
       ('eleifend luctus ultricies eu nibh', 'bhowarthc'),
       ('cubilia curae mauris', 'rgajewski3y'),
       ('eu sapien cursus vestibulum proin', 'hdoumerque2r'),
       ('in sapien iaculis', 'lpeye2p'),
       ('interdum in ante', 'tgoakesj'),
       ('non mauris morbi non lectus', 'tviegas8a'),
       ('sed justo pellentesque viverra', 'rchichgar3w'),
       ('blandit ultrices enim lorem', 'bwyant1f'),
       ('urna', 'gphilip25'),
       ('augue vestibulum rutrum rutrum', 'kbrewoodm'),
       ('et', 'rgajewski3y'),
       ('dapibus at diam', 'gphilip25'),
       ('congue diam id ornare', 'ncoolbear9'),
       ('sed justo pellentesque viverra pede', 'ncoolbear9'),
       ('posuere metus', 'lrustman40'),
       ('luctus cum sociis', 'mmacfarlane1f'),
       ('volutpat', 'rgajewski3y'),
       ('in faucibus orci', 'ncoolbear9'),
       ('nibh in hac habitasse', 'rsell89'),
       ('rhoncus dui vel', 'rmacdearmid23'),
       ('eu tincidunt in', 'tgoakesj'),
       ('viverra dapibus nulla suscipit ligula', 'tgoakesj'),
       ('et ultrices posuere cubilia', 'jkeyser3u'),
       ('ut', 'jkeyser3u'),
       ('ac nibh fusce lacus', 'rsell89'),
       ('convallis', 'htrimble3d'),
       ('iaculis justo in', 'abernaldo3k'),
       ('porttitor lacus at turpis', 'mmacfarlane1f'),
       ('duis bibendum felis sed', 'kcharkham1v'),
       ('nibh ligula', 'htrimble3d'),
       ('rhoncus aliquam', 'kbrewoodm'),
       ('velit nec nisi vulputate nonummy', 'kcharkham1v'),
       ('varius ut blandit non', 'tgoakesj'),
       ('vestibulum', 'trandles35'),
       ('orci nullam molestie nibh in', 'rgajewski3y'),
       ('orci luctus et ultrices posuere', 'estorekw'),
       ('quis turpis sed ante vivamus', 'htrimble3d'),
       ('sapien', 'bwhitnall3i'),
       ('nec', 'tgoakesj'),
       ('sed vestibulum', 'drosenbaum1i'),
       ('volutpat quam pede lobortis ligula', 'mmacfarlane1f'),
       ('ligula nec sem', 'tviegas8a'),
       ('id justo sit', 'mmercey7'),
       ('a nibh in quis justo', 'stedahl16'),
       ('in blandit ultrices enim lorem', 'bwhitnall3i'),
       ('cras non', 'ccliff2l'),
       ('lacus', 'pgiovanardi3f'),
       ('ultrices mattis odio', 'ghabben1m'),
       ('pulvinar lobortis est', 'kbrewoodm'),
       ('ut blandit non', 'drosenbaum1i'),
       ('id luctus', 'mmacfarlane1f'),
       ('ipsum aliquam non', 'hdoumerque2r'),
       ('proin risus praesent lectus vestibulum', 'jkeyser3u'),
       ('potenti cras in purus', 'lpeye2p'),
       ('lectus pellentesque eget nunc', 'tcornillir'),
       ('pretium nisl ut volutpat', 'gshawl29'),
       ('justo etiam pretium iaculis justo', 'iobell1c'),
       ('turpis a pede posuere', 'ccliff2l'),
       ('lectus pellentesque', 'mmercey7'),
       ('sem fusce consequat nulla', 'vfranzschoninger1s'),
       ('quis augue luctus tincidunt', 'ewiser'),
       ('sit', 'gshawl29'),
       ('nulla', 'bhowarthc'),
       ('vulputate justo in blandit', 'rbridat13'),
       ('semper', 'cmcparlin30'),
       ('cursus vestibulum proin', 'rchichgar3w'),
       ('adipiscing elit', 'alamke42'),
       ('interdum eu', 'htrimble3d'),
       ('ligula vehicula consequat morbi a', 'iobell1c'),
       ('odio', 'bwyant1f'),
       ('vel lectus in', 'jkeyser3u'),
       ('augue vestibulum ante ipsum primis', 'tfinan1h'),
       ('sit amet nunc viverra', 'gshawl29'),
       ('volutpat dui maecenas tristique', 'bwyant1f'),
       ('dictumst morbi vestibulum velit id', 'rbridat13'),
       ('nunc proin at turpis a', 'estorekw'),
       ('quisque ut erat', 'ljarvie1x'),
       ('morbi non quam', 'ccliff2l'),
       ('ut massa', 'bmccreery3r'),
       ('diam in', 'stedahl16'),
       ('cubilia curae duis faucibus', 'tcornillir'),
       ('orci pede venenatis non', 'jkeyser3u'),
       ('eros viverra', 'bcapner1d'),
       ('dui proin leo', 'vfranzschoninger1s'),
       ('duis bibendum morbi', 'kgooderick1d'),
       ('diam cras pellentesque volutpat dui', 'gshawl29'),
       ('sapien in sapien', 'iobell1c'),
       ('leo odio porttitor id', 'rchichgar3w'),
       ('lacus purus aliquet', 'ewiser'),
       ('a feugiat et eros', 'bwhitnall3i'),
       ('a suscipit nulla elit ac', 'tviegas8a'),
       ('sed interdum', 'emckeaneyy'),
       ('fusce', 'bmccreery3r'),
       ('interdum venenatis turpis enim blandit', 'vfranzschoninger1s'),
       ('fermentum donec ut mauris', 'htrimble3d'),
       ('tortor', 'ghabben1m'),
       ('ante vivamus', 'bhowarthc'),
       ('enim sit amet nunc viverra', 'rmacdearmid23'),
       ('mi', 'tcornillir'),
       ('nullam', 'trandles35'),
       ('tincidunt eget tempus', 'rchichgar3w'),
       ('vestibulum aliquet ultrices', 'tviegas8a'),
       ('vehicula', 'emckeaneyy'),
       ('in', 'kgooderick1d'),
       ('libero nam dui proin', 'rgajewski3y'),
       ('dolor sit', 'drosenbaum1i'),
       ('nulla sed accumsan', 'ncoolbear9'),
       ('nulla neque', 'ccliff2l'),
       ('mollis', 'rmacdearmid23'),
       ('vivamus metus arcu', 'iobell1c'),
       ('integer aliquet massa', 'ghabben1m'),
       ('nulla elit', 'rgajewski3y'),
       ('felis', 'jagett10'),
       ('quisque porta volutpat', 'estorekw'),
       ('rutrum neque aenean', 'rchichgar3w'),
       ('elit proin risus', 'alamke42'),
       ('tortor risus dapibus augue vel', 'lrustman40'),
       ('vivamus', 'kcharkham1v'),
       ('odio condimentum id luctus nec', 'gshawl29'),
       ('elit proin', 'emckeaneyy'),
       ('dapibus at diam', 'vfranzschoninger1s'),
       ('euismod scelerisque quam turpis adipiscing', 'bhowarthc'),
       ('erat', 'astubbings2v'),
       ('odio', 'kgooderick1d'),
       ('sagittis sapien cum sociis', 'kcharkham1v'),
       ('amet sem fusce consequat', 'rsell89'),
       ('sociis natoque penatibus', 'estorekw'),
       ('phasellus in', 'tghirigori1c'),
       ('eu orci mauris lacinia', 'astubbings2v'),
       ('lectus aliquam sit amet diam', 'aniceberg'),
       ('ac lobortis vel', 'tviegas8a'),
       ('suspendisse', 'jkeyser3u'),
       ('convallis eget eleifend', 'tcornillir'),
       ('pulvinar', 'astubbings2v'),
       ('nascetur ridiculus mus', 'aniceberg'),
       ('proin at turpis a', 'stedahl16'),
       ('quam', 'ncoolbear9'),
       ('parturient montes', 'rgajewski3y'),
       ('ultrices phasellus', 'lrustman40'),
       ('ultrices libero non mattis', 'jagett10'),
       ('id nisl venenatis', 'ljarvie1x'),
       ('eget', 'hdoumerque2r'),
       ('sed augue', 'rgajewski3y'),
       ('amet sapien dignissim', 'bwyant1f'),
       ('risus semper porta', 'kbrewoodm'),
       ('hac habitasse platea dictumst morbi', 'rsell89'),
       ('et', 'kcharkham1v'),
       ('sem praesent id', 'kbrewoodm'),
       ('est lacinia nisi venenatis', 'rchichgar3w'),
       ('ut erat curabitur gravida', 'trandles35'),
       ('luctus ultricies eu', 'rgajewski3y'),
       ('blandit non interdum in ante', 'htrimble3d'),
       ('orci eget orci', 'tgoakesj'),
       ('vehicula condimentum curabitur', 'jagett10'),
       ('pretium', 'rbridat13'),
       ('justo', 'estorekw'),
       ('iaculis diam erat fermentum', 'estorekw'),
       ('hac', 'rgajewski3y'),
       ('vitae nisl aenean lectus', 'aniceberg'),
       ('at ipsum ac tellus semper', 'jgrinston2x'),
       ('nulla eget eros', 'ncoolbear9'),
       ('lacus purus aliquet at', 'bcapner1d'),
       ('tortor', 'astubbings2v'),
       ('in tempor turpis', 'eheeneyk'),
       ('rhoncus aliquam lacus morbi', 'aniceberg'),
       ('quis justo', 'drosenbaum1i'),
       ('dis parturient montes nascetur ridiculus', 'emckeaneyy'),
       ('sit amet turpis elementum', 'rmacdearmid23'),
       ('eu tincidunt in leo maecenas', 'rsell89'),
       ('risus semper porta volutpat', 'cmcparlin30'),
       ('ullamcorper augue a suscipit nulla', 'ncoolbear9'),
       ('rhoncus aliquam lacus morbi quis', 'kvercruysse3g'),
       ('aenean auctor gravida sem praesent', 'stedahl16'),
       ('tempor convallis', 'cmcparlin30'),
       ('mauris morbi non lectus aliquam', 'alamke42'),
       ('sit', 'cmcparlin30'),
       ('ut nulla sed accumsan felis', 'jgrinston2x'),
       ('condimentum curabitur', 'stedahl16'),
       ('non lectus', 'alamke42'),
       ('nascetur ridiculus mus', 'jkeyser3u'),
       ('nisl nunc rhoncus dui', 'rgajewski3y'),
       ('vel ipsum praesent blandit', 'ncoolbear9'),
       ('ut nulla', 'casif1l'),
       ('dolor', 'dkryszka2t'),
       ('enim sit amet', 'kgooderick1d'),
       ('morbi vel', 'kbrewoodm'),
       ('ullamcorper purus', 'astubbings2v'),
       ('dapibus nulla suscipit', 'pgiovanardi3f'),
       ('posuere nonummy integer non velit', 'jdoe'),
       ('leo odio porttitor', 'lrustman40'),
       ('ac neque', 'estorekw'),
       ('et magnis', 'trandles35'),
       ('quam', 'jdoe'),
       ('non', 'cmcparlin30'),
       ('in sapien iaculis congue vivamus', 'aniceberg'),
       ('sed justo pellentesque viverra pede', 'lrustman40'),
       ('sapien', 'jgrinston2x'),
       ('tellus in', 'lrustman40'),
       ('curae', 'cmcparlin30'),
       ('fermentum donec ut mauris eget', 'jdoe'),
       ('praesent id massa id nisl', 'jdoe'),
       ('etiam', 'bmccreery3r'),
       ('ac consequat', 'dkryszka2t'),
       ('odio consequat', 'kbrewoodm'),
       ('mauris ullamcorper purus sit amet', 'lpeye2p'),
       ('turpis eget elit', 'tghirigori1c'),
       ('leo', 'rsell89'),
       ('nulla', 'gshawl29'),
       ('nunc', 'bcapner1d'),
       ('metus', 'ljarvie1x'),
       ('luctus et', 'lcaffery1j'),
       ('praesent blandit nam nulla', 'gshawl29'),
       ('faucibus orci luctus et ultrices', 'jdoe'),
       ('nullam orci', 'bmccreery3r'),
       ('platea dictumst etiam faucibus cursus', 'htrimble3d'),
       ('donec', 'trandles35'),
       ('amet diam in magna bibendum', 'mmercey7'),
       ('interdum eu', 'kcharkham1v'),
       ('at turpis', 'alamke42'),
       ('integer ac neque', 'astubbings2v'),
       ('dictumst etiam faucibus cursus', 'trandles35'),
       ('vulputate justo in blandit', 'rmacdearmid23'),
       ('condimentum curabitur in libero ut', 'bmccreery3r'),
       ('cubilia curae mauris viverra diam', 'pgiovanardi3f'),
       ('vestibulum', 'lrustman40'),
       ('luctus', 'ccliff2l'),
       ('ut nulla sed accumsan', 'astubbings2v'),
       ('proin risus praesent lectus', 'pgiovanardi3f');

INSERT INTO Exercise(name, description)
VALUES ('volutpat', 'duis consequat dui nec nisi volutpat eleifend donec ut dolor'),
       ('elementum ligula vehicula', 'suspendisse accumsan tortor quis turpis sed ante vivamus'),
       ('lectus', 'tortor id nulla ultrices aliquet maecenas leo'),
       ('condimentum curabitur in libero', 'sed tincidunt eu felis'),
       ('erat nulla tempus vivamus in', 'imperdiet et commodo vulputate justo'),
       ('sapien a libero', 'faucibus orci'),
       ('ut dolor morbi vel lectus', 'consequat dui nec'),
       ('ante ipsum primis in faucibus', 'nunc proin at turpis a pede posuere nonummy integer'),
       ('elit', 'nec euismod scelerisque quam turpis adipiscing lorem vitae'),
       ('justo lacinia eget', 'in felis eu sapien cursus vestibulum proin eu mi'),
       ('commodo', 'bibendum'),
       ('lacinia eget', 'felis donec semper sapien a libero nam dui proin'),
       ('nec dui', 'nec sem'),
       ('cubilia', 'sit amet nulla quisque arcu libero rutrum'),
       ('non pretium quis lectus suspendisse', 'faucibus orci luctus et ultrices posuere cubilia'),
       ('justo morbi', 'blandit nam nulla'),
       ('at', 'justo maecenas rhoncus aliquam lacus'),
       ('pellentesque ultrices', 'velit id pretium iaculis diam erat fermentum justo nec'),
       ('molestie lorem quisque', 'lectus in est'),
       ('dapibus nulla suscipit ligula in', 'id ornare imperdiet sapien urna pretium nisl ut'),
       ('libero quis orci', 'nec nisi'),
       ('in felis eu', 'ac tellus semper interdum mauris ullamcorper purus sit'),
       ('sem duis aliquam convallis nunc', 'volutpat'),
       ('felis ut at dolor', 'sollicitudin ut suscipit a feugiat et eros vestibulum ac est'),
       ('vestibulum sit amet cursus', 'praesent id massa id nisl venenatis lacinia'),
       ('iaculis justo in hac', 'luctus cum sociis'),
       ('donec pharetra', 'mi nulla'),
       ('vestibulum sed magna at', 'rhoncus mauris enim'),
       ('nunc nisl', 'semper est quam pharetra magna ac'),
       ('dapibus', 'vestibulum ante ipsum'),
       ('amet', 'in'),
       ('odio curabitur convallis duis consequat', 'vivamus vel nulla eget eros elementum'),
       ('nisl venenatis', 'mauris ullamcorper purus sit amet nulla quisque arcu'),
       ('scelerisque quam', 'sit amet consectetuer adipiscing elit'),
       ('tempus vivamus in felis eu', 'aenean lectus pellentesque eget nunc donec quis'),
       ('amet diam in', 'nullam molestie nibh'),
       ('vel sem sed sagittis', 'eget vulputate ut'),
       ('lobortis est', 'nibh in'),
       ('pede ullamcorper', 'quam a odio'),
       ('eros vestibulum ac', 'lectus vestibulum quam sapien varius ut blandit'),
       ('in quam fringilla', 'eleifend donec ut dolor morbi vel lectus'),
       ('in tempus sit amet', 'neque aenean auctor gravida sem praesent id'),
       ('nunc vestibulum ante ipsum primis', 'pellentesque eget nunc donec quis orci eget orci vehicula condimentum'),
       ('ut erat curabitur gravida', 'augue quam sollicitudin'),
       ('id ligula suspendisse', 'id mauris vulputate elementum nullam varius nulla facilisi'),
       ('quisque arcu libero rutrum', 'tortor eu'),
       ('lectus', 'nonummy maecenas tincidunt lacus at velit vivamus'),
       ('morbi', 'ipsum primis in'),
       ('ipsum', 'magna vulputate luctus cum sociis natoque'),
       ('ac enim in tempor turpis', 'accumsan tortor quis turpis');

INSERT INTO MuscleGroup(name)
VALUES ('ornare imperdiet sapien'),
       ('lorem ipsum dolor sit amet'),
       ('morbi'),
       ('mi sit amet'),
       ('sollicitudin vitae'),
       ('turpis'),
       ('ultrices phasellus id'),
       ('ipsum'),
       ('justo pellentesque viverra'),
       ('mauris morbi non'),
       ('ipsum dolor sit'),
       ('eu massa donec'),
       ('at diam nam tristique'),
       ('in tempus sit amet sem'),
       ('eu'),
       ('nullam orci'),
       ('amet sapien dignissim'),
       ('nibh in'),
       ('magna ac consequat metus'),
       ('curabitur'),
       ('vestibulum'),
       ('curabitur convallis duis consequat'),
       ('suscipit ligula in'),
       ('purus eu magna vulputate luctus'),
       ('viverra pede'),
       ('risus dapibus augue vel'),
       ('justo'),
       ('suscipit a feugiat et'),
       ('nibh quisque id justo sit'),
       ('platea dictumst'),
       ('vitae'),
       ('et ultrices posuere cubilia'),
       ('iaculis justo in'),
       ('suspendisse potenti nullam'),
       ('ut rhoncus aliquet'),
       ('a pede posuere'),
       ('molestie hendrerit at vulputate'),
       ('ante nulla justo aliquam quis'),
       ('tortor sollicitudin'),
       ('quisque id justo sit'),
       ('nulla'),
       ('scelerisque quam'),
       ('non velit nec'),
       ('in quis'),
       ('cubilia'),
       ('convallis morbi'),
       ('lobortis vel'),
       ('vestibulum ante ipsum primis in'),
       ('morbi porttitor lorem');


INSERT INTO ExerciseMuscleGroup (exerciseid, musclegroupname)
VALUES (9, 'risus dapibus augue vel'),
       (51, 'non velit nec'),
       (24, 'nibh quisque id justo sit'),
       (21, 'mauris morbi non'),
       (9, 'viverra pede'),
       (9, 'platea dictumst'),
       (6, 'biceps'),
       (27, 'nullam orci'),
       (11, 'chest'),
       (33, 'vestibulum ante ipsum primis in'),
       (20, 'ante nulla justo aliquam quis'),
       (31, 'cubilia'),
       (18, 'suscipit ligula in'),
       (2, 'lobortis vel'),
       (13, 'et ultrices posuere cubilia'),
       (30, 'viverra pede'),
       (29, 'nullam orci'),
       (50, 'non velit nec'),
       (15, 'curabitur'),
       (9, 'nibh quisque id justo sit'),
       (20, 'mauris morbi non'),
       (23, 'ultrices phasellus id'),
       (18, 'nullam orci'),
       (33, 'biceps'),
       (10, 'ipsum'),
       (11, 'purus eu magna vulputate luctus'),
       (18, 'vestibulum ante ipsum primis in'),
       (43, 'eu'),
       (51, 'scelerisque quam'),
       (35, 'iaculis justo in'),
       (43, 'iaculis justo in'),
       (38, 'morbi porttitor lorem'),
       (5, 'vitae'),
       (8, 'shoulders'),
       (10, 'back'),
       (12, 'ante nulla justo aliquam quis'),
       (9, 'nullam orci'),
       (43, 'chest'),
       (38, 'lorem ipsum dolor sit amet'),
       (24, 'curabitur'),
       (54, 'non velit nec'),
       (14, 'magna ac consequat metus'),
       (21, 'suscipit ligula in'),
       (41, 'lobortis vel'),
       (49, 'ante nulla justo aliquam quis'),
       (15, 'lorem ipsum dolor sit amet'),
       (29, 'viverra pede'),
       (46, 'nulla'),
       (35, 'turpis'),
       (38, 'mi sit amet'),
       (49, 'risus dapibus augue vel'),
       (13, 'back'),
       (13, 'ipsum'),
       (25, 'ante nulla justo aliquam quis'),
       (14, 'amet sapien dignissim'),
       (11, 'nullam orci'),
       (37, 'turpis'),
       (14, 'ut rhoncus aliquet'),
       (38, 'sollicitudin vitae'),
       (38, 'scelerisque quam'),
       (53, 'turpis'),
       (16, 'non velit nec'),
       (54, 'suspendisse potenti nullam'),
       (36, 'et ultrices posuere cubilia'),
       (5, 'legs'),
       (10, 'vitae'),
       (21, 'legs'),
       (39, 'sollicitudin vitae'),
       (38, 'iaculis justo in'),
       (5, 'platea dictumst'),
       (6, 'chest'),
       (34, 'ultrices phasellus id'),
       (3, 'shoulders'),
       (38, 'ut rhoncus aliquet'),
       (4, 'lobortis vel'),
       (10, 'purus eu magna vulputate luctus'),
       (30, 'lobortis vel'),
       (54, 'legs'),
       (16, 'a pede posuere'),
       (32, 'lobortis vel'),
       (6, 'amet sapien dignissim'),
       (16, 'triceps'),
       (7, 'nibh quisque id justo sit'),
       (2, 'suspendisse potenti nullam'),
       (41, 'et ultrices posuere cubilia'),
       (33, 'nulla'),
       (23, 'mauris morbi non'),
       (33, 'nibh in'),
       (27, 'morbi porttitor lorem'),
       (5, 'suscipit a feugiat et'),
       (36, 'cubilia'),
       (34, 'iaculis justo in'),
       (53, 'suscipit ligula in'),
       (8, 'nibh in'),
       (41, 'molestie hendrerit at vulputate'),
       (28, 'non velit nec'),
       (38, 'biceps'),
       (27, 'vestibulum'),
       (34, 'shoulders'),
       (39, 'ultrices phasellus id'),
       (16, 'at diam nam tristique'),
       (25, 'curabitur convallis duis consequat'),
       (44, 'curabitur convallis duis consequat'),
       (36, 'scelerisque quam'),
       (12, 'back'),
       (9, 'ornare imperdiet sapien'),
       (31, 'nullam orci'),
       (33, 'scelerisque quam'),
       (14, 'ultrices phasellus id'),
       (52, 'iaculis justo in'),
       (16, 'amet sapien dignissim'),
       (48, 'nulla'),
       (37, 'suspendisse potenti nullam'),
       (8, 'convallis morbi'),
       (35, 'platea dictumst'),
       (27, 'molestie hendrerit at vulputate'),
       (54, 'purus eu magna vulputate luctus'),
       (33, 'ultrices phasellus id'),
       (50, 'back'),
       (16, 'purus eu magna vulputate luctus'),
       (51, 'nullam orci'),
       (35, 'magna ac consequat metus'),
       (23, 'nullam orci'),
       (21, 'in tempus sit amet sem'),
       (42, 'biceps'),
       (45, 'risus dapibus augue vel'),
       (13, 'ut rhoncus aliquet'),
       (42, 'in tempus sit amet sem'),
       (32, 'ut rhoncus aliquet'),
       (7, 'risus dapibus augue vel'),
       (22, 'curabitur'),
       (54, 'morbi'),
       (18, 'biceps'),
       (12, 'lorem ipsum dolor sit amet'),
       (38, 'ornare imperdiet sapien'),
       (8, 'ultrices phasellus id'),
       (13, 'viverra pede'),
       (37, 'back'),
       (37, 'lorem ipsum dolor sit amet'),
       (36, 'vestibulum ante ipsum primis in'),
       (50, 'in quis'),
       (6, 'non velit nec'),
       (30, 'amet sapien dignissim'),
       (27, 'tortor sollicitudin'),
       (8, 'in quis'),
       (40, 'at diam nam tristique'),
       (14, 'platea dictumst'),
       (35, 'justo pellentesque viverra'),
       (51, 'morbi'),
       (17, 'back'),
       (50, 'shoulders'),
       (25, 'morbi'),
       (26, 'vestibulum'),
       (15, 'mauris morbi non'),
       (17, 'suspendisse potenti nullam'),
       (23, 'vestibulum'),
       (51, 'purus eu magna vulputate luctus'),
       (28, 'quisque id justo sit'),
       (39, 'et ultrices posuere cubilia'),
       (13, 'platea dictumst'),
       (22, 'purus eu magna vulputate luctus'),
       (20, 'cubilia'),
       (46, 'justo'),
       (1, 'non velit nec'),
       (46, 'lobortis vel'),
       (12, 'at diam nam tristique'),
       (38, 'curabitur'),
       (14, 'in quis'),
       (24, 'quisque id justo sit'),
       (11, 'shoulders'),
       (44, 'morbi porttitor lorem'),
       (53, 'cubilia'),
       (27, 'ipsum'),
       (27, 'shoulders'),
       (39, 'tortor sollicitudin'),
       (21, 'justo'),
       (35, 'molestie hendrerit at vulputate'),
       (17, 'mi sit amet'),
       (35, 'sollicitudin vitae'),
       (1, 'ante nulla justo aliquam quis'),
       (51, 'lobortis vel'),
       (47, 'mauris morbi non'),
       (5, 'nibh quisque id justo sit'),
       (35, 'lobortis vel'),
       (23, 'justo'),
       (39, 'lobortis vel'),
       (25, 'ipsum'),
       (20, 'ultrices phasellus id'),
       (8, 'mauris morbi non'),
       (22, 'amet sapien dignissim'),
       (28, 'nibh in'),
       (11, 'nibh in'),
       (47, 'suspendisse potenti nullam'),
       (36, 'morbi porttitor lorem'),
       (49, 'mauris morbi non'),
       (40, 'non velit nec'),
       (51, 'lorem ipsum dolor sit amet'),
       (35, 'triceps'),
       (25, 'biceps'),
       (5, 'ante nulla justo aliquam quis'),
       (30, 'ipsum'),
       (39, 'platea dictumst'),
       (26, 'a pede posuere'),
       (46, 'sollicitudin vitae'),
       (50, 'chest'),
       (50, 'cubilia'),
       (13, 'iaculis justo in'),
       (30, 'suscipit ligula in'),
       (5, 'suscipit ligula in'),
       (44, 'cubilia'),
       (32, 'in quis'),
       (25, 'quisque id justo sit'),
       (4, 'curabitur convallis duis consequat'),
       (51, 'suscipit a feugiat et'),
       (39, 'iaculis justo in'),
       (3, 'eu'),
       (27, 'cubilia'),
       (39, 'morbi'),
       (31, 'biceps'),
       (38, 'ante nulla justo aliquam quis'),
       (25, 'triceps'),
       (52, 'amet sapien dignissim'),
       (3, 'biceps'),
       (27, 'biceps'),
       (30, 'back'),
       (27, 'ornare imperdiet sapien'),
       (49, 'justo'),
       (47, 'mi sit amet'),
       (41, 'mauris morbi non'),
       (41, 'nullam orci'),
       (41, 'shoulders'),
       (47, 'amet sapien dignissim'),
       (52, 'viverra pede'),
       (10, 'justo'),
       (43, 'vestibulum'),
       (41, 'vitae'),
       (9, 'turpis'),
       (12, 'non velit nec'),
       (3, 'in tempus sit amet sem'),
       (33, 'suspendisse potenti nullam');

INSERT INTO WorkoutExercise (workoutid, exerciseid, sets, reps)
VALUES (181, 26, 66, 73),
       (103, 7, 95, 80),
       (46, 38, 74, 41),
       (77, 3, 50, 76),
       (246, 26, 23, 84),
       (294, 6, 19, 43),
       (276, 45, 44, 5),
       (285, 53, 29, 10),
       (173, 53, 17, 89),
       (212, 20, 91, 79),
       (122, 2, 78, 94),
       (17, 21, 82, 18),
       (158, 45, 17, 76),
       (268, 1, 77, 25),
       (35, 54, 48, 75),
       (67, 11, 85, 1),
       (97, 7, 25, 58),
       (10, 4, 84, 100),
       (157, 48, 84, 13),
       (35, 36, 45, 26),
       (61, 14, 18, 59),
       (127, 35, 15, 10),
       (272, 43, 69, 26),
       (253, 9, 54, 91),
       (282, 30, 8, 7),
       (151, 50, 40, 32),
       (232, 33, 88, 42),
       (124, 50, 31, 36),
       (28, 46, 48, 33),
       (278, 4, 94, 43),
       (43, 53, 58, 12),
       (116, 52, 8, 2),
       (166, 50, 61, 45),
       (45, 38, 93, 92),
       (97, 41, 50, 97),
       (104, 54, 21, 43),
       (104, 48, 70, 79),
       (55, 47, 16, 26),
       (177, 30, 14, 52),
       (210, 24, 65, 27),
       (131, 11, 41, 95),
       (256, 36, 29, 74),
       (159, 31, 58, 10),
       (121, 25, 12, 18),
       (164, 44, 27, 29),
       (302, 37, 79, 26),
       (280, 46, 33, 8),
       (100, 38, 19, 41),
       (56, 9, 77, 63),
       (204, 33, 32, 8),
       (103, 44, 86, 43),
       (1, 53, 64, 34),
       (271, 20, 92, 35),
       (220, 54, 94, 25),
       (274, 40, 2, 1),
       (269, 4, 91, 79),
       (55, 38, 70, 24),
       (151, 34, 88, 53),
       (288, 1, 58, 11),
       (187, 23, 51, 31);

INSERT INTO Session (trainerusername, clientusername, workoutid, date, duration)
VALUES ('ewiser', 'cmcparlin30', 249, '2023-06-25', 37),
       ('ewiser', 'ccurdellb', 190, '2023-01-20', 51),
       ('gphilip25', 'mbeckitt85', 81, '2023-06-28', 80),
       ('tfinan1h', 'kcharkham1v', 292, '2023-04-23', 95),
       ('bhowarthc', 'egillbanks5', 40, '2023-03-02', 58),
       ('abernaldo3k', 'omccheyne26', 73, '2023-03-09', 11),
       ('tfinan1h', 'aeggerton1y', 10, '2023-06-18', 56),
       ('jkeyser3u', 'ccurdellb', 208, '2023-06-13', 87),
       ('rchichgar3w', 'tshemmin1e', 83, '2023-07-15', 54),
       ('lpeye2p', 'lcanaan9', 226, '2023-07-25', 36),
       ('bhowarthc', 'lmidghall14', 40, '2023-02-27', 38),
       ('casif1l', 'hclemo1m', 232, '2023-06-29', 85),
       ('bhowarthc', 'pculverhouse22', 213, '2023-10-29', 45),
       ('mmacfarlane1f', 'rstrathe2e', 69, '2023-04-29', 75),
       ('ewiser', 'grisen18', 73, '2023-04-13', 75),
       ('jagett10', 'jkeyser3u', 130, '2023-07-01', 31),
       ('lpeye2p', 'ssavory23', 75, '2023-08-15', 13),
       ('abernaldo3k', 'cstrelitzer87', 94, '2023-03-28', 47),
       ('eheeneyk', 'zantonin17', 291, '2023-01-13', 1),
       ('gshawl29', 'lcaffery1j', 18, '2023-03-19', 29),
       ('rmacdearmid23', 'ejuett3s', 192, '2023-07-26', 8),
       ('lcaffery1j', 'omelbury3e', 116, '2023-01-01', 48),
       ('kgooderick1d', 'tfessions1z', 118, '2023-05-23', 29),
       ('tghirigori1c', 'cnabarro8', 196, '2023-02-03', 94),
       ('tcornillir', 'cpetry1l', 270, '2023-11-03', 84),
       ('hdoumerque2r', 'ghabben1m', 272, '2023-01-11', 49),
       ('gphilip25', 'dkryszka2t', 250, '2023-10-08', 18),
       ('aniceberg', 'msevers81', 50, '2022-12-23', 68),
       ('tgoakesj', 'gbunt88', 140, '2023-03-24', 98),
       ('alamke42', 'kfautly8b', 211, '2023-10-18', 32),
       ('jkeyser3u', 'jsemered2j', 142, '2023-08-08', 24),
       ('jagett10', 'rmarklund22', 222, '2023-06-20', 15),
       ('bhowarthc', 'hsalandino1q', 192, '2023-11-18', 66),
       ('lrustman40', 'lparradiceq', 14, '2023-03-21', 71),
       ('eheeneyk', 'rgajewski3y', 168, '2023-01-28', 10),
       ('rmacdearmid23', 'aeggerton1y', 256, '2023-11-26', 94),
       ('drosenbaum1i', 'vgisburne38', 161, '2023-10-08', 64),
       ('tghirigori1c', 'gmendez39', 66, '2023-03-30', 80),
       ('astubbings2v', 'sparkes1', 201, '2022-12-22', 38),
       ('tcornillir', 'pculverhouse22', 268, '2023-05-05', 70),
       ('pgiovanardi3f', 'rgajewski3y', 129, '2023-10-21', 88),
       ('kvercruysse3g', 'ataverner16', 23, '2023-05-27', 90),
       ('bcapner1d', 'cbousfield1i', 241, '2023-05-12', 98),
       ('ncoolbear9', 'ssavory23', 31, '2023-06-14', 9),
       ('ljarvie1x', 'jitzhayek45', 39, '2023-06-01', 90),
       ('kvercruysse3g', 'tjoncic0', 76, '2023-10-22', 69),
       ('bwhitnall3i', 'pdilliway2', 166, '2023-10-21', 82),
       ('xmaldin8', 'tgoakesj', 165, '2023-06-28', 68),
       ('tgoakesj', 'htrimble3d', 81, '2023-08-01', 11),
       ('trandles35', 'ieberz3o', 24, '2023-02-23', 82),
       ('bhowarthc', 'thabble25', 35, '2023-07-25', 66),
       ('jgrinston2x', 'fhasluck3z', 210, '2023-10-04', 63),
       ('jgrinston2x', 'kblumson2u', 83, '2023-11-03', 69),
       ('htrimble3d', 'rsearl1g', 227, '2023-04-25', 17),
       ('bwyant1f', 'dedinburough3t', 39, '2023-11-26', 49),
       ('kcharkham1v', 'lmartynikhinu', 144, '2023-03-08', 57),
       ('mmacfarlane1f', 'thabble25', 5, '2022-12-26', 81),
       ('estorekw', 'bboytond', 47, '2023-01-17', 20),
       ('kgooderick1d', 'tjosskoviz2k', 77, '2023-10-30', 63),
       ('tviegas8a', 'lparradiceq', 228, '2022-12-24', 99);

-- Dietitian mock data
INSERT INTO Dietitian (qualifiedSince, username)
VALUES  ('2023-08-07', 'ogrindley14'),
       ('2023-05-26', 'jitzhayek45'),
       ('2023-04-05', 'ebreadon3n'),
       ('2023-01-03', 'keva80'),
       ('2023-02-28', 'tjoncic0'),
       ('2023-01-08', 'mivachyov1n'),
       ('2023-07-07', 'swretham7z'),
       ('2023-02-19', 'pculverhouse22'),
       ('2022-12-18', 'kcharkham1v'),
       ('2023-07-09', 'oguitton11'),
       ('2023-05-13', 'bmccreery3r'),
       ('2022-12-24', 'pschimon2o'),
       ('2023-04-17', 'iseer1t'),
       ('2023-03-17', 'ahallworth7o'),
       ('2023-09-23', 'thabble25'),
       ('2023-07-11', 'sdowdalls'),
       ('2023-07-09', 'jwante'),
       ('2023-11-11', 'vmoxted37'),
       ('2023-07-27', 'ccurdellb'),
       ('2023-10-21', 'vfranzschoninger1s'),
       ('2023-07-19', 'kblumson2u'),
       ('2023-02-28', 'wriba17'),
       ('2023-04-07', 'scoysh83'),
       ('2023-02-05', 'atrowela'),
       ('2023-05-26', 'gmendez39'),
       ('2023-05-23', 'trandles35'),
       ('2023-09-12', 'emckeaneyy'),
       ('2023-01-21', 'elamburn28'),
       ('2023-05-31', 'mizak41'),
       ('2023-05-03', 'jsemered2j'),
       ('2023-09-20', 'ghabben1m'),
       ('2023-02-15', 'kbrewoodm'),
       ('2023-04-03', 'deastup28'),
       ('2023-06-06', 'aurquhart2i'),
       ('2023-01-23', 'etompkin1k'),
       ('2023-05-22', 'bnapoleone20'),
       ('2023-03-19', 'cgoddman2n'),
       ('2023-05-25', 'rgianulli20'),
       ('2023-07-14', 'egillbanks5'),
       ('2023-08-02', 'kgiacobini2b'),
       ('2023-05-16', 'tfessions1z'),
       ('2023-10-19', 'thigounet7'),
       ('2023-03-01', 'ppuckinghorne3b'),
       ('2023-06-12', 'jkolyagin32'),
       ('2023-10-01', 'npratton1e'),
       ('2023-01-20', 'abernaldo3k'),
       ('2022-12-30', 'lparradiceq'),
       ('2023-05-06', 'fhasluck3z'),
       ('2023-06-01', 'ncoolbear9'),
       ('2023-07-05', 'rsearl1g'),
       ('2023-11-23', 'greckus1k'),
       ('2023-08-22', 'tstollberg1z'),
       ('2022-12-26', 'rgajewski3y'),
       ('2023-04-20', 'jmoring2'),
       ('2023-11-12', 'jgrinston2x'),
       ('2023-03-31', 'mscoggan6'),
       ('2023-09-29', 'omelbury3e'),
       ('2023-06-14', 'rsedgemondp'),
       ('2023-02-25', 'gbunt88'),
       ('2023-10-29', 'rsell89'),
       ('2023-03-04', 'qsinkin27'),
       ('2023-11-15', 'bwhymark6'),
       ('2023-02-09', 'htrimble3d'),
       ('2023-09-16', 'omccheyne26'),
       ('2023-08-10', 'mmcgirlx'),
       ('2023-01-13', 'rmacdearmid23'),
       ('2022-12-10', 'estorekw'),
       ('2023-06-21', 'tshemmin1e'),
       ('2023-04-14', 'gbanister4'),
       ('2023-09-26', 'cnabarro8'),
       ('2023-01-20', 'bwhitnall3i'),
       ('2023-02-23', 'lmillimoe2w'),
       ('2023-08-11', 'mbeckitt85'),
       ('2023-05-03', 'aalflat2s'),
       ('2022-12-01', 'rmarklund22'),
       ('2023-01-30', 'hhindrich1y'),
       ('2023-08-28', 'mmerigot12');

INSERT INTO DietitianClient (dietitianUsername, clientUsername)
VALUES ('rmacdearmid23', 'alamke42'),
       ('mmcgirlx', 'rtalby2c'),
       ('aurquhart2i', 'wriba17'),
       ('abernaldo3k', 'vgisburne38'),
       ('deastup28', 'fnial84'),
       ('aurquhart2i', 'chumbellh'),
       ('rgajewski3y', 'sdowdalls'),
       ('kblumson2u', 'cmcparlin30'),
       ('bwhymark6', 'omccheyne26'),
       ('rmarklund22', 'wflather3j'),
       ('tfessions1z', 'rsiemens3x'),
       ('thabble25', 'mizak41'),
       ('iseer1t', 'ogrindley14'),
       ('hhindrich1y', 'pgiovanardi3f'),
       ('kblumson2u', 'bhandlin3p'),
       ('rgianulli20', 'cgoddman2n'),
       ('qsinkin27', 'iseer1t'),
       ('rsedgemondp', 'tcornillir'),
       ('qsinkin27', 'ccliff2l'),
       ('tstollberg1z', 'keva80'),
       ('htrimble3d', 'tfessions1z'),
       ('trandles35', 'ashrawley33'),
       ('lparradiceq', 'mwestgate2h'),
       ('tstollberg1z', 'rsearl1g'),
       ('rgianulli20', 'lpatman19'),
       ('jwante', 'ccurdellb'),
       ('ebreadon3n', 'sdowdalls'),
       ('rmacdearmid23', 'tbowlands1p'),
       ('gbanister4', 'ncoolbear9'),
       ('lmillimoe2w', 'tstollberg1z'),
       ('swretham7z', 'npratton1e'),
       ('ccurdellb', 'egillbanks5'),
       ('mizak41', 'bhowarthc'),
       ('abernaldo3k', 'aashdown3l'),
       ('ccurdellb', 'smartinek3a'),
       ('fhasluck3z', 'ifruser3h'),
       ('keva80', 'jkolyagin32'),
       ('gbunt88', 'hdillingston19'),
       ('fhasluck3z', 'pgiovanardi3f'),
       ('swretham7z', 'ifruser3h'),
       ('kblumson2u', 'amcgowan2y'),
       ('ppuckinghorne3b', 'bwhitnall3i'),
       ('bnapoleone20', 'vgisburne38'),
       ('kgiacobini2b', 'kfenge11'),
       ('mivachyov1n', 'iseer1t'),
       ('abernaldo3k', 'kdahlback24'),
       ('gbanister4', 'ejuett3s'),
       ('ccurdellb', 'khaggerty3m'),
       ('jitzhayek45', 'jsemered2j'),
       ('bmccreery3r', 'kbrewoodm'),
       ('jmoring2', 'mscoggan6'),
       ('oguitton11', 'gbanister4'),
       ('kgiacobini2b', 'kwoodman1w'),
       ('emckeaneyy', 'lparradiceq'),
       ('vfranzschoninger1s', 'jitzhayek45'),
       ('deastup28', 'abernaldo3k'),
       ('gbunt88', 'rgianulli20'),
       ('pschimon2o', 'rchichgar3w'),
       ('ahallworth7o', 'gbanister4'),
       ('thigounet7', 'cmogg1a'),
       ('lmillimoe2w', 'dedwick13'),
       ('ebreadon3n', 'trandles35'),
       ('npratton1e', 'ebreadon3n'),
       ('thigounet7', 'calsina1o'),
       ('bmccreery3r', 'gshawl29'),
       ('cgoddman2n', 'emion4'),
       ('tjoncic0', 'npratton1e'),
       ('tjoncic0', 'rmeeland27'),
       ('wriba17', 'jkolyagin32'),
       ('vmoxted37', 'lmidghall14'),
       ('jwante', 'dedwick13'),
       ('omccheyne26', 'bdooneyv'),
       ('tstollberg1z', 'lkenton12'),
       ('tstollberg1z', 'ogrindley14'),
       ('etompkin1k', 'htrimble3d'),
       ('jitzhayek45', 'vjochen18'),
       ('rmacdearmid23', 'tshemmin1e'),
       ('wriba17', 'bwhymark6'),
       ('vfranzschoninger1s', 'dedinburough3t'),
       ('rsell89', 'jkolyagin32'),
       ('kcharkham1v', 'khaggerty3m'),
       ('gbanister4', 'mcogger31'),
       ('rmacdearmid23', 'ieberz3o'),
       ('cnabarro8', 'rbridat13'),
       ('htrimble3d', 'bnapoleone20'),
       ('kgiacobini2b', 'bhandlin3p'),
       ('jsemered2j', 'ccurdellb'),
       ('pschimon2o', 'hhuggard21'),
       ('rsedgemondp', 'lmidghall14'),
       ('rgianulli20', 'jkolyagin32'),
       ('jitzhayek45', 'vmoxted37'),
       ('rsearl1g', 'grisen18'),
       ('kblumson2u', 'omccheyne26'),
       ('greckus1k', 'kbrewoodm'),
       ('aalflat2s', 'tghirigori1c'),
       ('greckus1k', 'jgrinston2x'),
       ('ogrindley14', 'egillbanks5'),
       ('kbrewoodm', 'jkolyagin32'),
       ('kgiacobini2b', 'mmaycock1b'),
       ('tjoncic0', 'rissitt0'),
       ('rgajewski3y', 'aeggerton1y'),
       ('iseer1t', 'omelbury3e'),
       ('swretham7z', 'aeggerton1y'),
       ('elamburn28', 'ccurdellb'),
       ('scoysh83', 'kblumson2u'),
       ('oguitton11', 'kfautly8b'),
       ('ebreadon3n', 'cmcparlin30'),
       ('lmillimoe2w', 'ccliff2l'),
       ('keva80', 'thigounet7'),
       ('rgianulli20', 'jbarbrook3v'),
       ('ahallworth7o', 'iobell1c'),
       ('fhasluck3z', 'mmacfarlane1f'),
       ('mmerigot12', 'rgianulli20'),
       ('etompkin1k', 'iobell1c'),
       ('tshemmin1e', 'wflather3j'),
       ('kgiacobini2b', 'lkenton12'),
       ('ogrindley14', 'rsiemens3x'),
       ('jgrinston2x', 'tbowlands1p'),
       ('ppuckinghorne3b', 'wfarguhar1a'),
       ('rsearl1g', 'ccliff2l'),
       ('jitzhayek45', 'bbarzen86'),
       ('ahallworth7o', 'ieberz3o'),
       ('rmacdearmid23', 'bwhymark6'),
       ('sdowdalls', 'kdahlback24'),
       ('jkolyagin32', 'gwitheford34'),
       ('omelbury3e', 'tviegas8a'),
       ('scoysh83', 'wflather3j'),
       ('iseer1t', 'hhindrich1y'),
       ('qsinkin27', 'jkolyagin32'),
       ('rmarklund22', 'rtalby2c'),
       ('estorekw', 'msevers81'),
       ('ghabben1m', 'ccliff2l'),
       ('bwhymark6', 'kvercruysse3g'),
       ('fhasluck3z', 'sdowdalls'),
       ('swretham7z', 'qsinkin27'),
       ('thabble25', 'lgreguoli82'),
       ('qsinkin27', 'mbeckitt85'),
       ('tfessions1z', 'khaggerty3m'),
       ('ppuckinghorne3b', 'rbernade3'),
       ('jgrinston2x', 'ahallworth7o'),
       ('estorekw', 'elamburn28'),
       ('mmerigot12', 'fnial84'),
       ('rsell89', 'lgreguoli82'),
       ('jkolyagin32', 'rgianulli20'),
       ('abernaldo3k', 'bwhymark6'),
       ('emckeaneyy', 'alangtry1u'),
       ('aurquhart2i', 'alangtry1u'),
       ('hhindrich1y', 'mmcgirlx'),
       ('deastup28', 'mcogger31'),
       ('hhindrich1y', 'deastup28'),
       ('rmarklund22', 'credingtonf'),
       ('keva80', 'ashrawley33'),
       ('tstollberg1z', 'cpetry1l'),
       ('jitzhayek45', 'rsearl1g'),
       ('ahallworth7o', 'ifruser3h'),
       ('kbrewoodm', 'mmacfarlane1f'),
       ('vmoxted37', 'aalflat2s'),
       ('elamburn28', 'ataverner16'),
       ('mbeckitt85', 'relvey2q'),
       ('abernaldo3k', 'pduffil21'),
       ('aalflat2s', 'gshawl29'),
       ('ogrindley14', 'lkenton12'),
       ('swretham7z', 'pduffil21'),
       ('scoysh83', 'emion4'),
       ('kcharkham1v', 'lvobes15'),
       ('vmoxted37', 'hdillingston19'),
       ('mizak41', 'rbridat13'),
       ('tshemmin1e', 'mmacfarlane1f'),
       ('kgiacobini2b', 'greckus1k'),
       ('egillbanks5', 'tfinan1h'),
       ('ccurdellb', 'jsemered2j'),
       ('aalflat2s', 'lmidghall14'),
       ('kcharkham1v', 'rgianulli20'),
       ('mmcgirlx', 'cbousfield1i'),
       ('pculverhouse22', 'cmcparlin30'),
       ('scoysh83', 'kwoodman1w'),
       ('omccheyne26', 'lmidghall14'),
       ('mivachyov1n', 'jagett10'),
       ('scoysh83', 'lrustman40'),
       ('jwante', 'ncoolbear9'),
       ('ncoolbear9', 'lpeye2p'),
       ('emckeaneyy', 'aeggerton1y'),
       ('atrowela', 'ncoolbear9'),
       ('tfessions1z', 'bwhymark6'),
       ('keva80', 'lvobes15'),
       ('thabble25', 'ebreadon3n'),
       ('emckeaneyy', 'kvercruysse3g'),
       ('tshemmin1e', 'ebreadon3n'),
       ('omelbury3e', 'lmillimoe2w'),
       ('cgoddman2n', 'eburdikin15'),
       ('kblumson2u', 'thigounet7'),
       ('sdowdalls', 'vmoxted37'),
       ('kbrewoodm', 'emion4'),
       ('kblumson2u', 'rbridat13'),
       ('htrimble3d', 'jkeyser3u'),
       ('lmillimoe2w', 'drosenbaum1i'),
       ('mscoggan6', 'rissitt0'),
       ('tstollberg1z', 'rsiemens3x'),
       ('cnabarro8', 'amcgowan2y'),
       ('rmarklund22', 'rstrathe2e'),
       ('thabble25', 'jrobichon43'),
       ('rgianulli20', 'ejuett3s'),
       ('ghabben1m', 'deastup28'),
       ('gbunt88', 'smartinek3a'),
       ('elamburn28', 'hdoumerque2r'),
       ('rgianulli20', 'cmogg1a'),
       ('rmacdearmid23', 'mivachyov1n'),
       ('sdowdalls', 'cfeirn1b'),
       ('cgoddman2n', 'amcgowan2y'),
       ('tfessions1z', 'jkeyser3u'),
       ('iseer1t', 'vgisburne38'),
       ('thabble25', 'emckeaneyy'),
       ('gbunt88', 'iseer1t'),
       ('cnabarro8', 'rpuckham3'),
       ('jitzhayek45', 'ghabben1m'),
       ('pschimon2o', 'dkryszka2t'),
       ('atrowela', 'rmarklund22'),
       ('jgrinston2x', 'jgrinston2x'),
       ('pschimon2o', 'mivachyov1n'),
       ('scoysh83', 'dkryszka2t'),
       ('aurquhart2i', 'grisen18'),
       ('bnapoleone20', 'rmeeland27'),
       ('tshemmin1e', 'ppuckinghorne3b'),
       ('jkolyagin32', 'cbrauningeri'),
       ('keva80', 'abernaldo3k'),
       ('mizak41', 'kvercruysse3g'),
       ('mscoggan6', 'cbousfield1i'),
       ('elamburn28', 'npratton1e'),
       ('lmillimoe2w', 'wflather3j'),
       ('swretham7z', 'tjosskoviz2k'),
       ('bwhitnall3i', 'abernaldo3k'),
       ('hhindrich1y', 'rsiemens3x'),
       ('deastup28', 'wfarguhar1a'),
       ('kblumson2u', 'cpetry1l'),
       ('vmoxted37', 'lprior1h'),
       ('tfessions1z', 'cnabarro8'),
       ('gbunt88', 'cdelascy1j'),
       ('jwante', 'tcornillir'),
       ('ghabben1m', 'wfarguhar1a'),
       ('gmendez39', 'jmcpakeo'),
       ('jitzhayek45', 'rsedgemondp'),
       ('bwhymark6', 'eburdikin15'),
       ('rmacdearmid23', 'pculverhouse22'),
       ('mizak41', 'kheifer2m');

INSERT INTO Recipe (title, directions, cookTime)
VALUES ('alouette  potatoes',
        '[''mix all ingredients& boil for 2 1 / 2 hours , or until thick'', ''pour into jars'', "i use''old'' glass ketchup bottles", "it is not necessary for these to''seal", "''my amish mother-in-law has been making this her entire life , and has never used a''sealed'' jar for this recipe , and it''s always been great !"]',
        98),
       ('amish  tomato ketchup  for canning',
        '[''combine ingredients in blender'', ''cover and blend until smooth'', ''sprinkle with ground cinnamon'', ''makes about 2 cups'']',
        24),
       ('apple a day  milk shake',
        '[''toast the fennel seeds and lightly crush them'', ''place all the ingredients in a bowl , stir well'', ''cover and leave to marinate'', ''keep refrigerated and use within 1 to 2 days'']',
        77),
       ('aww  marinated olives',
        '[''in a medium saucepan combine all the ingredients for sauce#1 , bring to a full rolling boil , reduce heat to medium low and simmer for 1 hour , stirring often'', ''rub the ribs with soy sauce , garlic , ginger , chili powder , pepper , salt and chopped cilantro , both sides !'', ''wrap ribs in heavy duty foil'', ''let stand 1 hour'', ''preheat oven to 350 degrees'', ''place ribs in oven for 1 hour , turning once after 30 minutes'', ''3 times during cooking the ribs open foil wrap and drizzle ribs with sauce#1'', ''place all the ingredients for sauce#2 in a glass or plastic bowl , whisk well and set aside'', ''remove ribs from oven and place on serving platter'', ''offer both sauces at table to drizzle over ribs'']',
        18),
       ('backyard style  barbecued ribs',
        '[''crumble cookies into a 9-inch pie plate , or cake pan'', ''pat down to form an even layer'', ''drizzle 1 cup of chocolate topping evenly over the cookies with a small spoon'', ''scoop the vanilla ice cream on top of the chocolate and smooth down'', ''cover with half of the sliced bananas'', ''top with strawberry ice cream'', ''cover and freeze until firm'', ''before serving , top with 1 / 4 cup chocolate topping , whipped cream , and sliced bananas'']',
        22),
       ('bananas 4 ice cream  pie',
        '[''preheat oven to 350 degrees'', ''butter two 9x5" loaf pans'', ''cream the sugar and the butter until light and whipped'', ''add the bananas , eggs , lemon juice , orange rind'', ''beat until blended uniformly'', ''be patient , and beat until the banana lumps are gone'', ''sift the dry ingredients together'', ''fold lightly and thoroughly into the banana mixture'', ''pour the batter into prepared loaf pans'', ''bake for 45 to 55 minutes , until the loaves are firm in the middle and the edges begin to pull away from the pans'', ''cool the loaves on racks for 30 minutes before removing from the pans'', ''freezes well'']',
        91),
       ('beat this  banana bread',
        '[''in medium size bowl , coarsely mash cranberry sauce'', ''stir in sour cream and horseradish until well blended'']',
        88),
       ('berry  good sandwich spread',
        '[''crush vanilla wafers into fine crumbs and line a square 8" x8" pan'', ''mix butter or margarine and sugar'', ''add beaten eggs'', ''spread the mixture over the wafer crumbs'', ''crush strawberries and spread over sugar , egg , and butter mixture'', ''cover strawberries with whipped cream'', ''sprinkle with chopped nuts'', ''chill 24 hours'']',
        1),
       ('better than sex  strawberries',
        '[''in a very large sauce pan cover the beans and bouillon cubes in 3 inches of water'', ''bring to a boil , cover , and let sit for 1 1 / 2 hours'', ''preheat oven to 350 degrees f'', "drain and pour beans into a 9''x11'' pan", ''add the rest over the ingredients , stir , and bake until all the water has evaporated , about 3 hours'', ''remove from oven , cover , and let sit overnight'', ''preheat oven to 350 degrees f'', ''add the next 5 cups of water , and bake until all the water has evaporated , about 3 hours'', ''serving suggestions: challah bread , steak , hamburgers'']',
        21),
       ('better then bush s  baked beans',
        '[''put prepared greens in large pot'', ''add water'', ''bring to a boil , and boil for one hour'', ''add sugar , molasses , hot sauce , whiskey , and ham hock'', ''bring to a boil again , and boil for another hour'', ''reduce heat and simmer for 4-6 hours'', ''during the last hour of cooking , add a little salt to taste'']',
        12),
       ('boat house  collard greens',
        '[''combine herbs'', ''dosage: one-half teaspoonful mixed in one-half glass of cold water , followed by a glass of hot water , one hour before each meal and upon retiring'', ''this can be put in gelatin capsules'', ''two no'', ''00 capsules would contain the required amount for one dose'', ''more can be taken with beneficial results'']',
        48),
       ('calm your nerves  tonic',
        '[''dredge pork chops in mixture of flour , salt , dry mustard and garlic powder'', ''brown in oil in a large skillet'', ''place browned pork chops in a crock pot'', ''add the can of soup , undiluted'', ''cover and cook on low for 6-8 hours'']',
        51),
       ('chicken lickin  good  pork chops',
        '[''drain green chiles'', ''sprinkle cornstarch on sheet pan'', ''open up chile and place on egg roll wrapper with corner facing you'', ''place cheese stick on chile and roll up , tucking in corners and moistening edges to seal'', ''toss in cornstarch , dusting liberally'', ''shake off excess cornstarch and deep fry in 350 oil to cover until lightly golden and cheese just starts to ooze out'', ''drain on paper towels and keep warm in 250 oven'', ''serve as a side dish or appetizer with your favorite mexican meal'', ''add your favorite condi- ments / sauces'']',
        42),
       ('chile rellenos',
        '[''melt butterscotch chips in heavy saucepan over low heat'', ''fold in peanuts and chinese noodles until coated'', ''drop by tablespoon onto waxed paper'', ''let stand in cool place until firm'']',
        6),
       ('chinese  candy',
        '[''brown ground meat and onion in a large pot'', ''add 1 / 4 cup of soy sauce'', ''thinly slice the entire bunch of celery , including the leaves'', ''add beef broth and celery'', ''bring to a boil'', ''reduce heat and simmer until celery is tender'', ''add more soy sauce if needed , to taste'', ''serve as an open face sandwich over a hamburger bun'']',
        4),
       ('chinese  chop suey',
        '[''heat the oil or margarine in a soup pot and add the onion and garlic'', ''saute over medium heat until the onion is golden , about 10 minutes'', ''add the cauliflower , potatoes , water , and seasonings'', ''there should be enough broth to cover all but about an inch of the veggies'', ''bring to a simmer , then simmer gently covered until the veggies are tender , about 25 minutes'', ''remove from the heat transfer the vegetables from the soup pot to a food processor or blender and puree in batches until smooth'', ''puree about half of the beans with each of the two batches of vegetables'', ''transfer the puree back into the soup pot , stirring it back into whatever liquid remained'', ''let the soup stand for 1-2 hours before serving , then heat through as needed'', ''ladle into soup bowls and garnish the tops with 2-3 garnishes'']',
        29),
       ('cream  of cauliflower soup  vegan',
        '[''bring water and salt to a boil'', ''cut the potatoes in half lengthwise , and then into 1 / 2" thick slices'', ''boil over medium-high heat for twenty minutes'', "add the spinach and boil another 10 minutes being careful to not overcook in order to maintain it''s bright green color", ''drain , reserving 1 1 / 4 cups cooking liquid'', ''in a food processor , process the potatoes and spinach until very smooth , adding the butter 1 / 2 t at a time'', ''return the puree to the pot and add the reserved liquid until the desired consistency'', ''reheat slowly and season with salt and pepper'', ''ladle into shallow soup plates and garnish with nutmeg or shaved cheese'']',
        72),
       ('cream  of spinach soup',
        '[''in a 3 qt saucepan over medium high heat , saute the onions and scallions in the apple juice and oil for 5 minutes , stirring frequently'', ''add the spinach , parsley and celery'', ''cook for 5-7 minutes , stirring occasionally add the broth , oats , salt , thyme and pepper'', ''bring to a boil , then lower the heat to medium'', ''cover and simmer for 20 minutes'', ''remove from the heat'', ''let the soup cool for 10 minutes'', ''working in batches , puree in a blender until thick and smooth'', ''return to the pot'', ''reheat and serve'']',
        75),
       ('cream  of spinach soup  vegan',
        '[''combine soup , egg and seasoned salt in a bowl and set aside'', ''mix together flour , cornstarch , garlic powder , paprika , salt and pepper in a resealable plastic bag'', ''dip chicken pieces into soup mixture and turn so as to coat all over'', ''place chicken pieces in bag with flour mixture , seal bag and shake to coat chicken'', ''place coated pieces of chicken on a platter and allow to set until the coating becomes doughy'', ''heat oil in a deep fryer or in a skillet over medium heat , using enough oil to cover chicken pieces when fried'', ''once chicken is doughy , fry pieces in oil for approx 5-8 minutes or until cooked through and juices run clear'', ''drain pieces on paper towel and serve'']',
        23),
       ('crispy crunchy  chicken',
        '[''in a large bowl , mix flour , granulated sugar , baking powder and salt'', ''make a well in the center of the flour mixture , and pour in milk , vanilla , egg and 2 tablespoons oil'', ''mix until smooth'', ''heat remaining vegetable oil to 400 degrees in a small deep fryer'', ''oil is hot enough when it starts to ripple'', ''be careful not to overheat'', ''butter one side of each bread slice'', ''sprinkle the brown sugar and cinnamon evenly onto the buttered side of the bread slices'', ''make sandwiches by placing the slices of bread together with the brown sugar on the inside'', ''cut the sandwiches into quarters'', ''now is a good time to test the oil by dropping in a very small amount of batter'', ''batter should sizzle and brown in about 20 seconds'', ''oil needs to be hot enough to melt the brown sugar inside the sandwiches but not so hot that it scorches the batter'', ''dip the sandwiches into the batter mixture'', ''using deep fryer tongs , carefully place the battered sandwiches into the heated oil'', ''be cautious when deep frying'', ''try to avoid burns from splattering hot oil'', ''remove sandwiches from the oil when they are golden brown'', ''set aside to cool for a couple of minutes'', ''sprinkle with powdered sugar and serve'']',
        42),
       ('deep fried dessert thingys',
        '[''cut the butter into several pieces and bring to room temperature'', ''in the top of a double boiler , combine egg yolks , lemon juice , salt and pepper'', ''add a piece of butter'', ''cook , stirring steadily with a wooden spoon or wire whisk , over , but not touching , boiling water'', ''when butter melts and sauce begins to thicken , add remaining butter , stirring constantly until melted'', ''continue cooking as sauce thickens , about 2 more minutes'', ''immediately remove from heat'']',
        86),
       ('easiest ever  hollandaise sauce',
        '[''mix the spices together and store in an airtight container'', ''saute small amounts in butter / ghee to spice vegetables and grains'']',
        20),
       ('emotional balance  spice mixture',
        '[''rehydrate tvp if needed'', ''spray or oil a large pot'', ''chop the onion , hot peppers , and garlic and add to the pot'', ''chop remaining vegetables , add to pot and brown lightly'', ''add remaining ingredients'', ''stir well and simmer at least 15 minutes'', ''taste adjust spices to taste'', ''simmer an additional 15 minutes or so'', ''serve with garlic bread , toast , or on rice'']',
        22),
       ('fool the meat eaters  chili',
        '[''in a slow cooker , combine the first nine ingredients'', ''cover and cook on low for 7-9 hours or until meat is tender'', ''add zucchini , cabbage , beans and macaroni'', ''cook on high 30-45 minutes more or until the vegetables are tender'', ''sprinkle individual servings with parmesan cheese'']',
        34),
       ('forgotten  minestrone',
        '[''preheat oven to 400 degrees'', ''cut the potatoes into strips about 2 1 / 2 inches long by 1 / 4-inch thick'', ''soak the potatoes in ice water for five minutes'', ''drain the potatoes , then rinse thoroughly under cold water'', ''press between paper towels to dry'', ''transfer potatoes to a bowl , pour melted margarine over the potatoes and toss to coat them'', ''spray baking sheet with non-stick spray'', ''spread potatoes onto baking sheet'', ''bake for 15 minutes'', ''toss and turn'', ''bake for five minutes'', ''add herbs and toss'', ''bake a final five minutes until the potatoes are brown and crisp'', ''serve immediately'']',
        22),
       ('fried  potatoes',
        '[''in 1 / 4 cup butter , saute carrots , onion , celery and broccoli stems for 5 minutes'', ''add thyme , oregano and basil'', ''saute 5 minutes more'', ''add wine and deglaze pan'', ''add hot chicken stock and reduce by one-third'', ''add worcestershire sauce , tabasco , smoked chicken , beans and broccoli florets'', ''simmer 5 minutes'', ''add cream , simmer 5 minutes more and season to taste'', ''drop in remaining butter , piece by piece , stirring until melted and serve immediately'', ''smoked chicken: on a covered grill , slightly smoke boneless chicken , cooking to medium rare'', ''chef meskan uses applewood chips and does not allow the grill to become too hot'']',
        33),
       ('george s at the cove  black bean soup',
        '[''preheat oven to 350 degrees'', ''grease 13 x 9 baking pan'', ''in a large bowl , whisk together butter , sugar and vanilla'', ''add eggs and stir until well combined'', ''combine dry ingredients and blend well with wet ingredients'', ''reserve 2 cups of batter and set aside'', ''spread remaining batter in prepared pan'', ''arrange peppermint patties in a single layer over batter , about 1 / 2 inch apart'', ''carefully spread reserved 2 cups of batter on top'', ''bake for 50- 55 minutes or until brownies begin to pull away from sides of pan'', ''cool completely on wire rack and cut into squares'']',
        21),
       ('get the sensation  brownies',
        '[''heat oven to 375 degrees'', ''brown ground beef and onion over medium heat'', ''drain'', ''stir in tomato sauce , taco or other sauce , salt , pepper , tabasco , chiles , and cornmeal , adjusting for"hot" taste preference and desired thickness'', ''stir in more cornmeal , if desired'', ''stir in corn and olives'', ''transfer mixture to casserole dish'', ''cover and bake for 30 to 40 minutes , or until bubbly and heated through'', ''top with cheese immediately on removing from oven so cheese melts'', ''garnish with corn chips just before serving to keep them crisp'', ''serve with a cool fresh vegetable such as cucumber slices , avocado , or lettuce leaves , if desired'']',
        36),
       ('global gourmet  taco casserole',
        '[''cream the butter with the dressing mix'', ''spread evenly on the bread halves'', ''place under the broiler for 2-3 minutes , until golden and the butter begins to seep and bubble'', ''serve hot'']',
        7),
       ('grilled  ranch bread',
        '[''in bowl , mix dry ingredients'', ''add venison and mix well'', ''add liquid ingredients and mix well with a fork , until bread crumbs are barely noticeable'', ''on plastic wrap , form into 8 patties , making them round and very flat-- like a fast-food burger'', ''they can be cooked immediately , but i prefer to freeze them first'', ''place them on a large cookie sheet and freeze them several hours'', ''remove from freezer and place waxed paper between each burger as you stack them'', ''i stack them in 2 1-quart freezer zip-lock bags'', ''preheat cast iron skillet to very hot'', ''cook frozen burgers until they are slightly charred on one side and then turn and cook until the other side is slightly charred and burgers are medium-well'', ''do not overcook'', ''turn burner off and leave burgers in the pan while you put condiments on your hamburger bun'', ''if cooking thawed burgers , cook about 2-3 minutes per side'']',
        69),
       ('grilled  venison burgers',
        '[''mix all the ingredients using a blender'', ''pour into popsicle molds'', ''freeze and enjoy !'']', 86),
       ('healthy for them  yogurt popsicles',
        '[''combine all ingredients in large pot'', ''bring to a boil and simmer for 3 minutes'', ''serve'', ''i use the tomatoes that come flavored with basil , oregano , and garlic'', ''you can substitute whatever vegetables you like'', "if you don''t want to use the zucchini , add a can of tomato sauce to give it some substance"]',
        62),
       ('homemade  vegetable soup from a can',
        '[''preheat oven to 350 degrees'', ''place spinach in strainer and squeeze all extra liquid from it'', ''in a large bowl , combine spinach with the rest of ingredients , except croutons , and combine well'', ''pour into a 2 quart casserole dish and top with croutons'', ''bake for 35 to 40 minutes , or until bubbling around edges'']',
        89),
       ('how i got my family to eat spinach  spinach casserole',
        '[''cut potatoes into 1 / 2" pieces'', ''place in medium saucepan'', ''add water to cover'', ''bring to a boil'', ''cover , reduce heat , and simmer 15-20 minutes or until tender'', ''drain and cool'', ''combine potato , chopped green onion , and pimemto in a large bowl'', ''toss gently'', ''combine mayonnaise and next 9 ingredients'', ''stir well'', ''add to potato mixture , tossing gently to coat'', ''cover and chill'']',
        30),
       ('i can t believe it s low fat  creamy potato salad',
        '[''combine all ingredients in a large bowl and mix well'', ''shape into one-inch balls'', ''cover and refrigerate or freeze until ready to bake'', ''preheat oven to 350 degrees'', ''place on ungreased baking sheet and bake until light brown'']',
        33),
       ('i can t believe it s spinach',
        '[''brown onion and meat in the oil , drain any excess moisture'', ''remove from heat and add both cans of soup and the veggies of your choice and stir'', ''salt and pepper to taste'', ''pour mixture into a greased 9x9 inch baking pan'', ''spoon the prepared cornbread mix over the top and spread even'', ''bake in a preheated 350 degree oven for 35-45 minutes , or until cornbread is done'']',
        83),
       ('i don t feel like cooking tonight  casserole',
        '[''in a large pot , cook your angel hair pasta until almost al dente'', ''drain well , put in a bowl and set aside'', ''in a small tupperware container with a lid , mix sesame oil , soy sauce , honey , garlic and sesame seeds'', ''put the lid on the container and shake , shake , shake it like a polaroid picture'', ''pour the sauce over the angel hair and toss well'', "the heat of the pasta will cook the garlic a bit so it won''t be totally raw", ''mix in the green onions and stir fry veggies'', ''serve'']',
        23),
       ('i stole the idea from mirj  sesame noodles',
        '[''preheat oven to 375 degrees'', ''add the brown sugar , flour , cinnamon to a small bowl and cut in softened butter'', ''when mixture is well mixed stir in chopped pecans'', ''set aside'', ''spray a 12-muffin tin with non-stick cooking spray and set aside'', ''combine the flours , cocoa , baking powder , cinnamon , cloves , baking soda , and salt'', ''lightly beat eggs with honey , sugar , oil , mashed yams and orange juice'', ''add the egg mixture and buttermilk alternately to the dry ingredients , stir until well blended'', ''add orange peel to batter mixing well'', ''spoon batter into prepared muffin tins , sprinkle lightly with strussel topping and bake in preheated oven for 15 to 20 minutes'']',
        47),
       ('i yam what i yam two  muffins',
        '[''preheat oven to 375 degrees'', ''spray muffin tin with non-stick cooking spray and set aside'', ''place the raisins in a small bowl and pour the 1 / 4 cup boiling water over them'', ''cover and set aside while preparing batter'', ''combine the flours , cocoa , baking powder , cinnamon , cloves , baking soda , and salt'', ''lightly beat eggs with sorghum , oil , mashed yams and orange juice'', ''add the egg mixture and buttermilk alternately to the dry ingredients , stir until well blended'', ''drain the raisins and add to batter along with orange peel'', ''spoon batter into prepared muffin tins , sprinkle 1 / 4 to 1 / 2 tsp of granulated sugar over each muffin'', ''bake in preheated oven for 15 to 20 minutes'']',
        87),
       ('i yam what i yam  muffins',
        '[''brown the meat & drain fat'', ''stir in sugar , mustard , beer , cayenne , garlic and salt & pepper to taste'', ''simmer until liquid has mostly cooked away'', ''lay slices of cheese over top of meat , then cover for about 5 minutes , with heat on very low , until cheese has melted'', ''stir cheese into meat'', ''serve hot , on sandwich buns or bread , or over hot potatoes or rice'']',
        37),
       ('immoral  sandwich filling  loose meat',
        '[''cook pasta and set aside'', ''place onions , dill pickles , olives , water chestnuts , chives and peppers in a bowl'', ''add oil , vinegar and spices'', ''marinate for 15-20 minutes or so'', ''add pasta , tomatoes , meat and cheese and toss lightly'', ''serve cold'']',
        39),
       ('italian sandwich  pasta salad',
        '[''deep fry french fries according to package directions'', ''drain well on paper towels , and transfer to a serving platter'', ''season with salt and pepper , then sprinkle on remaining ingredients'', ''serve with your favorite condiments'']',
        88),
       ('italian  fries',
        '[''lay out sandwich rolls on jelly roll pans / cookie sheets'', ''melt butter , mix in italian dressing mix'', ''using a pastry or bbq brush , graciously apply seasoned butter to the top of the"bottom bun" and the top of the top bun'', "don''t miss this step , i don''t know why , but it does make a difference !", ''here is where i create an assembly line w / the bottoms of the buns'', ''layer each bun w / ham , then swiss cheese , turkey , then cheddar cheese , pepperoni , then mozzerella cheese'', ''place"lids" on buns and place in 425 degree oven for approximly 12-15 minutes , or until you see the tops start to turn golden brown'']',
        10),
       ('italian  gut busters',
        '[''to prepare base , cut shortening into dry ingredients , mix well'', ''pat firmly and evenly into an 8 inch square pan and bake at 350 deg'', ''f'', ''for 10-12 minutes'', ''cool'', ''for cake: cream shortening , and sugar'', ''add eggs and vanilla , beating well until fluffy'', ''sift flour , baking powder and salt together'', ''add to creamed mixture alternately with milk'', ''pour batter into a greased and floured 8 inch square pan'', ''bake at 350 deg'', ''f for 25 - 40 minutes'', ''frosting: in small saucepan , stir tog'', ''milk and flour'', ''cook , stirring constantly , until mixute is thickened and smooth'', ''cool'', ''on highest speed of mixer , beat cooled flour mixture with butter , shortening and vanilla until smooth and fluffy'', ''blend in icing sugar and salt'', ''continue beating until frosting is very fluffy'', ''this will take at least 15 minutes'', ''to assemble cake: place shortbread base on serving plate'', ''spread with small amount of frosting'', ''place cake on base'', ''cover top and sides of cake with remaining frosting'', ''if desired , garnish sides of cake with shaved semi-sweet chocolate'']',
        83),
       ('jeanne s style  birthday cake',
        '[''preheat oven to 350 degrees'', ''mix together the cake mix , pudding , nutmeg and cinnamon'', ''add eggs , oil and water to this mixture'', ''mix on medium speed for 1 minute'', ''add the pineapple , carrots , pecans and coconut'', ''blend well'', ''pour into a greased 9 inch round cake pan'', ''bake 25 to 30 minutes , until tooth pick inserted in the center comes out clean'']',
        69),
       ('jiffy  extra moist carrot cake',
        '[''melt butter in a saut pan'', ''add the corn , onion and red pepper and saut on medium heat until some of the corn kernels start to turn golden brown'', ''whisk egg , corn liquid , and cream together'', ''stir into corn muffin mix with a fork'', ''stir in diced jalapenos and cheddar cheese'', ''quickly stir in hot sauted corn and onion mixture , just mixing in slightly'', ''pour into 8 x 8 buttered baking dish'', ''bake at 350 for 15 minutes'', ''remove cornbread , turn off oven , drizzle cornbread with honey and put back in hot oven for 5 minutes'', ''remove from oven and let stand for 10 minutes before serving'']',
        19),
       ('jiffy  roasted corn and jalapeno cornbread',
        '[''mix starter ingredients in a bowl and let stand at room temperature undisturbed for 24 to 36 hours'', ''place starter in a medium bowl and combine it with the"first day" ingredients'', ''cover and refrigerate'', ''stir once a day for 5 days'', ''on the 5th day , place in a larger bowl and add the"fifth day" ingredients'', ''cover and refrigerate'', ''stir once a day for 5 more days'', ''remove 3 separate cups of starter and give each cup to 3 friends with the recipe and instructions'', ''preheat oven to 350 degrees'', ''combine all of the"tenth day" ingredients with the remaining mixture'', ''pour into a greased and floured 9 x 13" pan'', ''combine topping ingredients and sprinkle on top'', ''bake for 40- 50 minutes'']',
        53),
       ('keep it going  german friendship cake',
        '[''brown the sausage and ground meat and drain all the fat'', ''add all the other ingredients for the meat filling and simmer on the stove , uncovered , for about 1 / 2 hour'', ''i usually add a bay leaf or two'', ''mix up the cheese filling and set aside in fridge until ready to use'', ''put the noodles in salted water and cook until soft when poked with a fork'', ''when the noodles are done , drain the noodles and rinse off with cold water so they can be handled easily'', ''spray the baking pan with a non-stick spray and put a layer of noodles down on the bottom of the pan'', ''it is ok to cut some of the noodles to fit into the pan if they do not fit whole'', ''spread half the cheese filling over the noodels , then half of the mozarella cheese on top of that , then half of the meat sauce over the grated mozarella cheese'', ''repeat layers and then top with more mozarella cheese'', ''bake at 375 degrees for 30 minutes'', ''let stand for 10 minutes before cutting into it'', ''leftovers can be easily stored in the freezer'']',
        68),
       ('killer  lasagna',
        '[''preheat oven to 325'', ''thaw spinach , and squeeze out as much moisture as possible'', ''beat the eggs in medium bowl'', ''stir in the cottage cheese , grated cheese , spinach and seasonings'', ''stir until mixed thoroughly'', ''lightly spray glass 13x9 pan w / olive oil or pam'', ''distribute meat / chicken / ham evenly over bottom of pan'', ''pour cottage cheese mixture over meat'', ''push w / spatula to distribute evenly'', ''top with extra grated cheese if desired'', ''sprinkle top w / toasted wheat germ'', ''bake 45-50 minutes , until set and slightly brown at edges'', ''let sit a few minutes out of oven before serving'', ''serve hot or at room temperature'']',
        9),
       ('kitchen sink  egg bake',
        '[''before you turn in for the night , grease a 10" bundt pan and add frozen rolls'', ''sprinkle with brown sugar , pudding powder , cinnamon and raisins'', ''pour melted butter over all'', ''cover with a clean , damp cloth'', ''off to bed you go !'', ''in the morning , preheat oven to 350 and bake for 25 minutes'', ''let sit for 5 minutes and then turn out on a serving plate'']',
        46),
       ('land of nod  cinnamon buns',
        '["i had previously browned and drained the ground beef and had it in the fridge , if you don''t have this leftover , brown ground beef first in a nonstick skillet , drain off fat really well", ''i use a pile of paper towels to soak up the fat'', ''place ground beef in a large pot'', ''stir in all other ingredients except the sugar'', ''bring to a boil , stirring occasionally'', ''turn heat down to low and simmer uncovered or covered for about 30 minutes or so to let the flavors mix , stirring occasionally'', ''taste the sauce now and then and add more onions or garlic to taste'', ''add a little sugar to neutralize the acidity of the tomatoes during the simmering'', ''serve over hot spaghetti noodles'', ''the sauce should be fairly thick , not runny , so as you add in the ingredients , use more or less of the prego as needed'', ''if too thick , add a little water , more prego , or more stewed tomatoes with juice'', ''when i made mine , it was the consistency of chili'', ''this makes a pretty decent batch , can feed 2-4 depending on how much everyone eats in a serving'']',
        99);

INSERT INTO Diet (dietName, recipeID)
VALUES ('low calorie', 1),
       ('low fat', 2),
       ('low sugar', 3),
       ('low carbs', 4),
       ('high protein', 5),
       ('low carbs', 6),
       ('low fat', 7),
       ('low calorie', 8),
       ('low sugar', 9),
       ('low protein', 10),
       ('low sugar', 11),
       ('low fat', 12),
       ('low calorie', 13),
       ('low carbs', 14),
       ('high calorie', 15),
       ('high protein', 16),
       ('low sugar', 17),
       ('low fat', 18),
       ('low calorie', 19),
       ('low fat', 20),
       ('high protein', 21),
       ('low carbs', 22),
       ('low fat', 23),
       ('low fat', 24),
       ('low sugar', 25),
       ('low calorie', 26),
       ('high calorie', 27),
       ('high protein', 28),
       ('low sugar', 29),
       ('low fat', 30),
       ('low carbs', 31),
       ('low calorie', 32),
       ('low calorie', 33),
       ('low fat', 34),
       ('low protein', 35),
       ('low sugar', 36),
       ('high calorie', 37),
       ('low fat', 38),
       ('high protein', 39),
       ('low calorie', 40),
       ('low carbs', 41);

INSERT INTO Ingredient (name, calories, protein, carbs, fat, cholesterol)
VALUES ('Pasta - Fettuccine, Egg, Fresh', 284, 33, 58, 12, 282),
       ('Muffin Batt - Carinsertrot Spice', 113, 14, 90, 18, 220),
       ('Plate - Foam, Bread And Butter', 34, 27, 18, 46, 68),
       ('Nantucket - Pomegranate Pear', 224, 3, 83, 15, 283),
       ('Nut - Walnut, Chopped', 224, 38, 18, 9, 224),
       ('Bread Bowl Plain', 81, 5, 92, 34, 26),
       ('Nut - Almond, Blanched, Ground', 278, 40, 99, 10, 47),
       ('Cheese - St. Paulin', 253, 25, 39, 49, 121),
       ('Trout Rainbow Whole', 299, 16, 46, 30, 141),
       ('Bread - Multigrain Oval', 170, 33, 26, 6, 280),
       ('Wine - Rosso Toscano Igt', 150, 5, 44, 46, 156),
       ('Bread - White, Unsliced', 32, 28, 29, 44, 246),
       ('Wine - White, Ej Gallo', 231, 31, 62, 39, 295),
       ('Soy Protein', 226, 30, 33, 21, 267),
       ('Oil - Grapeseed Oil', 143, 22, 82, 42, 50),
       ('Filter - Coffee', 288, 39, 77, 33, 239),
       ('Vinegar - Raspberry', 171, 18, 34, 13, 166),
       ('Yoplait Drink', 154, 4, 17, 6, 23),
       ('Mix Pina Colada', 194, 21, 72, 24, 127),
       ('Longos - Greek Salad', 208, 33, 63, 30, 85),
       ('Shrimp - 100 / 200 Cold Water', 46, 24, 13, 6, 182),
       ('Chocolate Bar - Reese Pieces', 172, 38, 14, 34, 250),
       ('Bread - Onion Focaccia', 127, 22, 87, 19, 58),
       ('Coconut - Creamed, Pure', 155, 40, 28, 35, 199),
       ('Beef - Short Ribs', 197, 16, 63, 10, 163),
       ('Milk - Buttermilk', 228, 5, 100, 15, 96),
       ('Cucumber - Pickling Ontario', 161, 13, 47, 30, 113),
       ('Oregano - Fresh', 168, 35, 65, 7, 253),
       ('Cookie Double Choco', 243, 19, 72, 44, 188),
       ('Corn - On The Cob', 267, 12, 10, 22, 280),
       ('Bacardi Limon', 50, 25, 35, 50, 167),
       ('Vinegar - Red Wine', 186, 4, 70, 33, 42),
       ('Pie Box - Cello Window 2.5', 158, 20, 75, 40, 123),
       ('Club Soda - Schweppes, 355 Ml', 128, 26, 98, 25, 37),
       ('Cheese - Cheddar With Claret', 98, 8, 70, 11, 247),
       ('Seedlings - Mix, Organic', 58, 12, 20, 15, 159),
       ('Tart Shells - Savory, 2', 168, 38, 83, 26, 69),
       ('Wine - Pinot Noir Mondavi Coastal', 149, 30, 52, 16, 206),
       ('Potatoes - Peeled', 95, 10, 55, 17, 68),
       ('Chocolate - Feathers', 148, 11, 40, 35, 255),
       ('Noodles - Steamed Chow Mein', 178, 25, 98, 12, 160),
       ('Tart - Pecan Butter Squares', 44, 26, 82, 37, 69),
       ('Coffee - Irish Cream', 60, 15, 23, 30, 121),
       ('Lamb Shoulder Boneless Nz', 285, 35, 96, 12, 61),
       ('Sauce - Oyster', 152, 4, 88, 17, 98),
       ('Wine - Riesling Dr. Pauly', 96, 33, 71, 38, 125),
       ('Beans - Butter Lrg Lima', 44, 4, 32, 34, 25),
       ('Veal - Sweetbread', 192, 28, 85, 24, 281),
       ('Truffle Cups Green', 57, 22, 92, 48, 222),
       ('Baking Powder', 261, 6, 56, 50, 255),
       ('Soup - Campbells Beef Stew', 57, 8, 52, 23, 197),
       ('Pork Salted Bellies', 106, 31, 20, 38, 200),
       ('Container - Foam Dixie 12 Oz', 111, 13, 30, 15, 98),
       ('Wine - Penfolds Koonuga Hill', 42, 9, 44, 39, 236),
       ('Fondant - Icing', 241, 4, 60, 39, 143),
       ('Sage Derby', 292, 2, 24, 21, 78),
       ('Wine - Zinfandel California 2002', 283, 23, 47, 14, 285),
       ('Lobak', 34, 17, 68, 5, 236),
       ('Beef - Kindney, Whole', 130, 4, 36, 28, 74),
       ('Quail - Whole, Bone - In', 171, 1, 58, 36, 276);

INSERT INTO RecipeRecommendation (dietitianUsername, username, recipeID)
VALUES ('ogrindley14', 'tghirigori1c', 46),
       ('rmarklund22', 'jkeyser3u', 15),
       ('elamburn28', 'elamburn28', 20),
       ('rsell89', 'ieberz3o', 3),
       ('oguitton11', 'ifruser3h', 16),
       ('rmarklund22', 'lgreguoli82', 38),
       ('greckus1k', 'tjoncic0', 29),
       ('trandles35', 'rgajewski3y', 19),
       ('npratton1e', 'ahallworth7o', 15),
       ('ogrindley14', 'iseer1t', 49),
       ('vfranzschoninger1s', 'jkolyagin32', 21),
       ('etompkin1k', 'greckus1k', 3),
       ('scoysh83', 'wriba17', 8),
       ('jitzhayek45', 'ncoolbear9', 10),
       ('qsinkin27', 'grisen18', 2),
       ('aurquhart2i', 'cbousfield1i', 45),
       ('egillbanks5', 'tcornillir', 41),
       ('omccheyne26', 'jsemered2j', 24),
       ('mmcgirlx', 'kfautly8b', 34),
       ('ccurdellb', 'svalenssmith2f', 45),
       ('ncoolbear9', 'tgauthorpp36', 6),
       ('bnapoleone20', 'jagett10', 46),
       ('aalflat2s', 'lcanaan9', 17),
       ('lmillimoe2w', 'xmaldin8', 42),
       ('deastup28', 'qsinkin27', 2),
       ('thabble25', 'tshemmin1e', 36),
       ('elamburn28', 'tjosskoviz2k', 15),
       ('thigounet7', 'ccurdellb', 1),
       ('iseer1t', 'tgauthorpp36', 47),
       ('qsinkin27', 'aashdown3l', 14),
       ('rgajewski3y', 'hdoumerque2r', 15),
       ('omelbury3e', 'bhowarthc', 6),
       ('keva80', 'rtalby2c', 18),
       ('rgianulli20', 'ogrindley14', 3),
       ('jsemered2j', 'tghirigori1c', 21),
       ('bnapoleone20', 'lgreguoli82', 44),
       ('sdowdalls', 'jsemered2j', 2),
       ('jsemered2j', 'pgiovanardi3f', 50),
       ('htrimble3d', 'khaggerty3m', 46),
       ('trandles35', 'deastup28', 39),
       ('bmccreery3r', 'kblumson2u', 17),
       ('lparradiceq', 'rsearl1g', 15),
       ('kgiacobini2b', 'qsinkin27', 32),
       ('bnapoleone20', 'jsemered2j', 33),
       ('mivachyov1n', 'jagett10', 39),
       ('jsemered2j', 'rmarklund22', 14),
       ('rmarklund22', 'mmercey7', 21),
       ('jitzhayek45', 'ebreadon3n', 30),
       ('mscoggan6', 'rgianulli20', 11),
       ('aalflat2s', 'xmaldin8', 20),
       ('aurquhart2i', 'mcogger31', 2),
       ('estorekw', 'mmcgirlx', 51),
       ('ppuckinghorne3b', 'smartinek3a', 22),
       ('jmoring2', 'tgauthorpp36', 17),
       ('ahallworth7o', 'chumbellh', 2),
       ('mscoggan6', 'estorekw', 39),
       ('cnabarro8', 'tstollberg1z', 39),
       ('pculverhouse22', 'elamburn28', 28),
       ('jitzhayek45', 'njandl2a', 51),
       ('deastup28', 'lgreguoli82', 28),
       ('vmoxted37', 'abrithmanz', 4),
       ('fhasluck3z', 'bboytond', 4),
       ('cnabarro8', 'svalenssmith2f', 48),
       ('thigounet7', 'rmarklund22', 32),
       ('ogrindley14', 'mscoggan6', 14),
       ('npratton1e', 'hhuggard21', 19),
       ('bmccreery3r', 'pdilliway2', 49),
       ('mivachyov1n', 'ghabben1m', 35),
       ('aalflat2s', 'lcanaan9', 14),
       ('ccurdellb', 'dedinburough3t', 51),
       ('jitzhayek45', 'bwhitnall3i', 22),
       ('bwhitnall3i', 'vfranzschoninger1s', 48),
       ('gmendez39', 'gshawl29', 23),
       ('egillbanks5', 'bwyant1f', 9),
       ('keva80', 'abernaldo3k', 16),
       ('greckus1k', 'whatt1r', 11),
       ('ncoolbear9', 'kwoodman1w', 46),
       ('sdowdalls', 'cmogg1a', 2),
       ('kcharkham1v', 'rchichgar3w', 48),
       ('aurquhart2i', 'rmeeland27', 25),
       ('rsedgemondp', 'ahallworth7o', 4),
       ('vmoxted37', 'lparradiceq', 43),
       ('jmoring2', 'bmccreery3r', 18),
       ('abernaldo3k', 'fhasluck3z', 21),
       ('ccurdellb', 'gbanister4', 19),
       ('jmoring2', 'kheifer2m', 15),
       ('thabble25', 'bcapner1d', 21),
       ('npratton1e', 'mmcgirlx', 7),
       ('gbanister4', 'kblumson2u', 3),
       ('mizak41', 'jagett10', 16),
       ('gmendez39', 'aalflat2s', 43),
       ('jkolyagin32', 'trandles35', 50),
       ('kblumson2u', 'cfeirn1b', 51),
       ('elamburn28', 'bwhymark6', 8),
       ('kbrewoodm', 'jrobichon43', 42),
       ('deastup28', 'ppuckinghorne3b', 20),
       ('iseer1t', 'lrustman40', 6),
       ('rsell89', 'ieberz3o', 27),
       ('gbunt88', 'hdillingston19', 47),
       ('mmcgirlx', 'dedinburough3t', 26),
       ('aurquhart2i', 'rissitt0', 13),
       ('lmillimoe2w', 'zantonin17', 43),
       ('etompkin1k', 'hdoumerque2r', 2),
       ('ogrindley14', 'kheifer2m', 20),
       ('pculverhouse22', 'jkolyagin32', 38),
       ('pschimon2o', 'cgoddman2n', 47),
       ('pschimon2o', 'gshawl29', 40),
       ('omelbury3e', 'wgurnelll', 45),
       ('mmcgirlx', 'dedwick13', 45),
       ('rmarklund22', 'ppuckinghorne3b', 16),
       ('jkolyagin32', 'chumbellh', 47),
       ('rmarklund22', 'mivachyov1n', 26),
       ('ghabben1m', 'emion4', 9),
       ('pculverhouse22', 'lgreguoli82', 6),
       ('iseer1t', 'emion4', 8),
       ('omccheyne26', 'kperet3q', 25),
       ('pschimon2o', 'rbernade3', 17),
       ('bwhitnall3i', 'wflather3j', 16),
       ('gmendez39', 'rgianulli20', 37),
       ('aalflat2s', 'gwitheford34', 33),
       ('vmoxted37', 'vfranzschoninger1s', 46),
       ('cnabarro8', 'gmendez39', 30),
       ('gmendez39', 'omccheyne26', 10),
       ('lmillimoe2w', 'jgrinston2x', 30),
       ('thigounet7', 'cbousfield1i', 13),
       ('rgajewski3y', 'tgauthorpp36', 30),
       ('jitzhayek45', 'htrimble3d', 38),
       ('bwhymark6', 'cbousfield1i', 26),
       ('kblumson2u', 'kgooderick1d', 40),
       ('etompkin1k', 'etompkin1k', 48),
       ('jitzhayek45', 'msevers81', 23),
       ('mbeckitt85', 'ashrawley33', 9),
       ('gbanister4', 'kheifer2m', 15),
       ('thabble25', 'keva80', 26),
       ('egillbanks5', 'gbeeres26', 32),
       ('jsemered2j', 'rbernade3', 50),
       ('vmoxted37', 'wriba17', 23),
       ('tstollberg1z', 'kfenge11', 3),
       ('rgianulli20', 'vgisburne38', 17),
       ('jmoring2', 'dpickovert', 6),
       ('kbrewoodm', 'hhindrich1y', 42),
       ('gbanister4', 'ltomasino24', 31),
       ('jmoring2', 'cmogg1a', 31),
       ('jwante', 'tbowlands1p', 43),
       ('trandles35', 'mivachyov1n', 3),
       ('gmendez39', 'cstrelitzer87', 39),
       ('aurquhart2i', 'tcornillir', 21),
       ('scoysh83', 'mmacfarlane1f', 21),
       ('emckeaneyy', 'jmcpakeo', 12),
       ('ahallworth7o', 'whatt1r', 42),
       ('aurquhart2i', 'pschimon2o', 15),
       ('mivachyov1n', 'iseer1t', 40),
       ('cgoddman2n', 'bwhymark6', 10),
       ('gbunt88', 'lvobes15', 22),
       ('ebreadon3n', 'iseer1t', 33),
       ('pculverhouse22', 'rmacdearmid23', 36),
       ('ncoolbear9', 'vgouley2z', 9),
       ('npratton1e', 'rsell89', 15),
       ('ppuckinghorne3b', 'mmercey7', 25),
       ('kblumson2u', 'vjochen18', 4),
       ('wriba17', 'tcornillir', 24),
       ('jkolyagin32', 'lcaffery1j', 20),
       ('bnapoleone20', 'emion4', 31),
       ('fhasluck3z', 'dkryszka2t', 4),
       ('bnapoleone20', 'egillbanks5', 35),
       ('tstollberg1z', 'lpatman19', 1),
       ('ebreadon3n', 'amcgowan2y', 39),
       ('mizak41', 'jbarbrook3v', 17),
       ('aalflat2s', 'khaggerty3m', 45),
       ('rsedgemondp', 'nburtwhistle5', 39),
       ('mivachyov1n', 'tfinan1h', 44),
       ('swretham7z', 'relvey2q', 10),
       ('fhasluck3z', 'rbernade3', 13),
       ('keva80', 'mizak41', 37),
       ('rgajewski3y', 'ltomasino24', 35),
       ('elamburn28', 'tjosskoviz2k', 18),
       ('gmendez39', 'rbernade3', 16),
       ('rmarklund22', 'cbrauningeri', 49),
       ('oguitton11', 'pschimon2o', 10),
       ('tstollberg1z', 'kbaudinot1g', 48),
       ('cgoddman2n', 'oguitton11', 50),
       ('deastup28', 'sfosse1', 50),
       ('ppuckinghorne3b', 'etompkin1k', 4),
       ('deastup28', 'egillbanks5', 28),
       ('atrowela', 'cdelascy1j', 27),
       ('rsearl1g', 'cpetry1l', 42),
       ('deastup28', 'lmillimoe2w', 42),
       ('wriba17', 'njandl2a', 32),
       ('rsedgemondp', 'rmeeland27', 49),
       ('kcharkham1v', 'chumbellh', 24),
       ('ahallworth7o', 'ashrawley33', 39),
       ('jgrinston2x', 'rbridat13', 31),
       ('cgoddman2n', 'rmeeland27', 1),
       ('cnabarro8', 'hclemo1m', 11),
       ('tstollberg1z', 'gphilip25', 14),
       ('iseer1t', 'sparkes1', 47),
       ('htrimble3d', 'cgoddman2n', 20),
       ('etompkin1k', 'tviegas8a', 36),
       ('ahallworth7o', 'lgreguoli82', 48),
       ('gmendez39', 'elamburn28', 16),
       ('hhindrich1y', 'ataverner16', 29),
       ('ncoolbear9', 'ppuckinghorne3b', 2),
       ('jmoring2', 'cnabarro8', 40),
       ('jmoring2', 'alangtry1u', 13),
       ('thabble25', 'ccurdellb', 34),
       ('scoysh83', 'wfarguhar1a', 40),
       ('etompkin1k', 'ataverner16', 34),
       ('mscoggan6', 'lparradiceq', 49),
       ('vfranzschoninger1s', 'pgiovanardi3f', 42),
       ('lmillimoe2w', 'kfenge11', 12);

INSERT INTO Amount (servings, ingredientName, recipeID, measurement)
VALUES (6, 'Pasta - Fettuccine, Egg, Fresh', 27, 'half a box'),
       (7, 'Muffin Batt - Carinsertrot Spice', 27, 'quarter of Muffin Batt - Carinsertrot Spice'),
       (10, 'Plate - Foam, Bread And Butter', 50, 'half a Plate'),
       (10, 'Nantucket - Pomegranate Pear', 25, 'full pear'),
       (7, 'Nut - Walnut, Chopped', 39, '10 walnuts'),
       (2, 'Bread Bowl Plain', 18, 'half a bowl'),
       (4, 'Nut - Almond, Blanched, Ground', 22, '20 nuts'),
       (1, 'Cheese - St. Paulin', 14, 'quarter block of cheese'),
       (7, 'Trout Rainbow Whole', 48, 'full Trout Rainbow'),
       (8, 'Bread - Multigrain Oval', 20, 'half a loaf'),
       (5, 'Wine - Rosso Toscano Igt', 1, '2 glasses of wine'),
       (2, 'Bread - White, Unsliced', 17, 'half a loaf of bread'),
       (2, 'Wine - White, Ej Gallo', 21, '3 glasses of wine'),
       (1, 'Soy Protein', 5, 'quarter container of Soy Protein'),
       (7, 'Oil - Grapeseed Oil', 19, '5 tablespoons'),
       (7, 'Filter - Coffee', 16, '1 filter'),
       (10, 'Vinegar - Raspberry', 40, '5 tablespoons'),
       (5, 'Mix Pina Colada', 37, '2 cups'),
       (5, 'Longos - Greek Salad', 8, 'quarter pound'),
       (7, 'Shrimp - 100 / 200 Cold Water', 45, 'half a pound'),
       (9, 'Chocolate Bar - Reese Pieces', 49, '2 bars'),
       (3, 'Coconut - Creamed, Pure', 43, '1 coconut'),
       (3, 'Beef - Short Ribs', 29, '3 pounds'),
       (10, 'Milk - Buttermilk', 6, '3 cups'),
       (10, 'Cucumber - Pickling Ontario', 42, '4 cucumbers'),
       (3, 'Oregano - Fresh', 28, 'dash'),
       (5, 'Cookie Double Choco', 37, '2 cookies'),
       (6, 'Corn - On The Cob', 25, 'small portion of corn'),
       (4, 'Bacardi Limon', 20, 'half a cup'),
       (4, 'Vinegar - Red Wine', 31, '6 tablespoons'),
       (9, 'Pie Box - Cello Window 2.5', 8, 'half a box'),
       (8, 'Club Soda - Schweppes, 355 Ml', 1, '1 cup'),
       (5, 'Cheese - Cheddar With Claret', 41, 'quarter block'),
       (1, 'Seedlings - Mix, Organic', 36, '1 cup'),
       (4, 'Wine - Pinot Noir Mondavi Coastal', 42, '1 cup'),
       (6, 'Potatoes - Peeled', 25, '3 potatoes'),
       (9, 'Chocolate - Feathers', 30, '1 bar'),
       (8, 'Tart - Pecan Butter Squares', 33, '1 handful'),
       (10, 'Coffee - Irish Cream', 29, 'quarter container'),
       (10, 'Lamb Shoulder Boneless Nz', 50, '2 pounds'),
       (4, 'Sauce - Oyster', 34, 'quarter cup'),
       (10, 'Wine - Riesling Dr. Pauly', 6, '1 glass'),
       (7, 'Beans - Butter Lrg Lima', 40, 'half a cup'),
       (6, 'Veal - Sweetbread', 46, '1 pound'),
       (10, 'Truffle Cups Green', 35, 'half a cup'),
       (1, 'Baking Powder', 11, 'quarter cup'),
       (9, 'Soup - Campbells Beef Stew', 36, '1 cup'),
       (4, 'Pork Salted Bellies', 40, '1 pound'),
       (1, 'Container - Foam Dixie 12 Oz', 22, 'half container'),
       (2, 'Wine - Penfolds Koonuga Hill', 36, '3 cups'),
       (9, 'Fondant - Icing', 16, 'dash'),
       (5, 'Sage Derby', 39, 'half a container'),
       (10, 'Wine - Zinfandel California 2002', 36, '1 glass'),
       (8, 'Lobak', 16, 'quarter container'),
       (6, 'Beef - Kindney, Whole', 23, '2 pounds'),
       (4, 'Pasta - Fettuccine, Egg, Fresh', 22, '1 box'),
       (4, 'Muffin Batt - Carinsertrot Spice', 30, 'half a container'),
       (10, 'Plate - Foam, Bread And Butter', 45, '1 plate'),
       (4, 'Nantucket - Pomegranate Pear', 22, '2 pears'),
       (6, 'Nut - Walnut, Chopped', 18, '15 nuts'),
       (10, 'Bread Bowl Plain', 44, '1 bowl'),
       (3, 'Nut - Almond, Blanched, Ground', 1, '20 nuts'),
       (7, 'Cheese - St. Paulin', 11, 'quarter block'),
       (5, 'Bread - Multigrain Oval', 3, 'quarter loaf'),
       (5, 'Wine - Rosso Toscano Igt', 26, '2 glasses'),
       (9, 'Bread - White, Unsliced', 43, 'third of a loaf'),
       (5, 'Wine - White, Ej Gallo', 42, '2 glasses'),
       (10, 'Soy Protein', 17, '5 tablespoons'),
       (6, 'Oil - Grapeseed Oil', 41, '6 tablespoons'),
       (9, 'Filter - Coffee', 1, '1 filter'),
       (2, 'Vinegar - Raspberry', 15, '4 tablespoons'),
       (9, 'Yoplait Drink', 27, '2 cups'),
       (5, 'Mix Pina Colada', 25, '2 cups'),
       (6, 'Longos - Greek Salad', 32, '0.2 pounds'),
       (4, 'Shrimp - 100 / 200 Cold Water', 19, 'half pound'),
       (10, 'Chocolate Bar - Reese Pieces', 2, '2 bars'),
       (7, 'Bread - Onion Focaccia', 41, 'quarter loaf'),
       (5, 'Coconut - Creamed, Pure', 17, '2 coconuts'),
       (3, 'Beef - Short Ribs', 46, '2 pounds'),
       (3, 'Milk - Buttermilk', 11, '4 cups'),
       (1, 'Cucumber - Pickling Ontario', 6, '3 cucumbers'),
       (10, 'Oregano - Fresh', 36, 'dash'),
       (8, 'Cookie Double Choco', 12, '2 cookies'),
       (1, 'Corn - On The Cob', 10, '1 cup'),
       (10, 'Bacardi Limon', 21, 'half a cup'),
       (4, 'Vinegar - Red Wine', 8, '3 tablespoons'),
       (8, 'Pie Box - Cello Window 2.5', 36, '1 box'),
       (10, 'Club Soda - Schweppes, 355 Ml', 46, '1 cup'),
       (9, 'Cheese - Cheddar With Claret', 44, 'half a block'),
       (9, 'Seedlings - Mix, Organic', 5, 'half cup'),
       (6, 'Tart Shells - Savory, 2', 39, 'quarter cup'),
       (5, 'Wine - Pinot Noir Mondavi Coastal', 36, '1 cup'),
       (1, 'Potatoes - Peeled', 38, '8 potatoes'),
       (1, 'Chocolate - Feathers', 22, '2 bars'),
       (3, 'Noodles - Steamed Chow Mein', 46, '1 box'),
       (7, 'Tart - Pecan Butter Squares', 11, '1 tart'),
       (6, 'Coffee - Irish Cream', 48, 'half a cup'),
       (5, 'Lamb Shoulder Boneless Nz', 48, '1 pounds'),
       (2, 'Sauce - Oyster', 44, 'quarter cup'),
       (2, 'Wine - Riesling Dr. Pauly', 12, '3 cups'),
       (9, 'Beans - Butter Lrg Lima', 42, 'half a can'),
       (4, 'Veal - Sweetbread', 41, '2 pounds'),
       (6, 'Truffle Cups Green', 32, '2 cups'),
       (2, 'Baking Powder', 42, 'quarter cup'),
       (3, 'Soup - Campbells Beef Stew', 30, '2 cups'),
       (9, 'Pork Salted Bellies', 7, '2 pounds'),
       (7, 'Container - Foam Dixie 12 Oz', 12, 'full container'),
       (8, 'Wine - Penfolds Koonuga Hill', 44, '2 cups'),
       (6, 'Fondant - Icing', 5, 'half container'),
       (1, 'Sage Derby', 37, '1 full container'),
       (2, 'Wine - Zinfandel California 2002', 32, '1 cup'),
       (4, 'Lobak', 25, 'half container'),
       (8, 'Beef - Kindney, Whole', 15, '2 pounds'),
       (2, 'Quail - Whole, Bone - In', 20, '1 pounds'),
       (4, 'Pasta - Fettuccine, Egg, Fresh', 1, 'full box'),
       (3, 'Muffin Batt - Carinsertrot Spice', 9, '1 full muffin batt'),
       (5, 'Plate - Foam, Bread And Butter', 16, '1 plate'),
       (3, 'Nantucket - Pomegranate Pear', 2, '2 pears'),
       (10, 'Nut - Walnut, Chopped', 28, '10 walnuts'),
       (3, 'Bread Bowl Plain', 7, '1 bowl'),
       (7, 'Nut - Almond, Blanched, Ground', 21, '5 nuts'),
       (9, 'Cheese - St. Paulin', 34, 'quarter block'),
       (7, 'Trout Rainbow Whole', 25, '1 pound'),
       (3, 'Bread - Multigrain Oval', 33, 'half a loaf'),
       (10, 'Wine - Rosso Toscano Igt', 38, '2 cups'),
       (2, 'Bread - White, Unsliced', 31, '1 loaf'),
       (2, 'Wine - White, Ej Gallo', 49, '1 cup'),
       (2, 'Soy Protein', 38, 'quarter cup'),
       (1, 'Oil - Grapeseed Oil', 43, '6 tablespoons'),
       (2, 'Filter - Coffee', 29, '2 filters'),
       (9, 'Vinegar - Raspberry', 30, '3 tablespoons'),
       (4, 'Yoplait Drink', 12, '1 cup'),
       (5, 'Mix Pina Colada', 15, '2 cups'),
       (3, 'Longos - Greek Salad', 20, '1 bowl'),
       (2, 'Shrimp - 100 / 200 Cold Water', 22, 'half pound'),
       (6, 'Chocolate Bar - Reese Pieces', 8, '2 bars'),
       (1, 'Bread - Onion Focaccia', 12, 'half loaf'),
       (5, 'Coconut - Creamed, Pure', 20, '1 coconut'),
       (4, 'Beef - Short Ribs', 37, '2 pounds'),
       (1, 'Milk - Buttermilk', 44, '2 cups'),
       (7, 'Cucumber - Pickling Ontario', 10, 'half a cucumber'),
       (7, 'Oregano - Fresh', 4, 'dash'),
       (5, 'Cookie Double Choco', 30, '1 cookie'),
       (5, 'Corn - On The Cob', 38, '2 cobs'),
       (8, 'Bacardi Limon', 35, 'half a cup'),
       (2, 'Vinegar - Red Wine', 20, '3 tablespoons'),
       (2, 'Club Soda - Schweppes, 355 Ml', 50, '2 cups'),
       (1, 'Cheese - Cheddar With Claret', 3, 'half block'),
       (1, 'Seedlings - Mix, Organic', 7, 'quarter cup'),
       (5, 'Tart Shells - Savory, 2', 4, 'quarter cup'),
       (10, 'Wine - Pinot Noir Mondavi Coastal', 24, '2 cups'),
       (5, 'Potatoes - Peeled', 9, '3 potatoes'),
       (6, 'Chocolate - Feathers', 46, '2 bars'),
       (1, 'Noodles - Steamed Chow Mein', 19, 'half box'),
       (9, 'Tart - Pecan Butter Squares', 1, '3 squares'),
       (10, 'Coffee - Irish Cream', 51, 'half a container'),
       (3, 'Lamb Shoulder Boneless Nz', 42, '1 pound'),
       (2, 'Sauce - Oyster', 16, '10 tablespoons'),
       (10, 'Wine - Riesling Dr. Pauly', 15, '1 cup'),
       (7, 'Beans - Butter Lrg Lima', 39, '1 cup'),
       (9, 'Veal - Sweetbread', 12, ' 1 pound'),
       (8, 'Truffle Cups Green', 28, '2 cups'),
       (3, 'Baking Powder', 38, 'half cup'),
       (7, 'Soup - Campbells Beef Stew', 10, '2 cups'),
       (2, 'Pork Salted Bellies', 17, '1 pound'),
       (1, 'Container - Foam Dixie 12 Oz', 28, 'full container'),
       (9, 'Wine - Penfolds Koonuga Hill', 33, '1 cup'),
       (7, 'Fondant - Icing', 35, 'half container'),
       (1, 'Sage Derby', 43, '1 container'),
       (6, 'Wine - Zinfandel California 2002', 18, '2 cups'),
       (8, 'Lobak', 48, 'half container'),
       (10, 'Beef - Kindney, Whole', 14, '1 pound'),
       (3, 'Quail - Whole, Bone - In', 31, 'half pound'),
       (4, 'Pasta - Fettuccine, Egg, Fresh', 17, '2 boxes'),
       (1, 'Muffin Batt - Carinsertrot Spice', 33, '1 muffin batt'),
       (9, 'Plate - Foam, Bread And Butter', 5, '2 plates'),
       (8, 'Nantucket - Pomegranate Pear', 6, '2 pears'),
       (10, 'Nut - Walnut, Chopped', 16, '15 walnuts'),
       (4, 'Bread Bowl Plain', 27, '1 bowl'),
       (1, 'Nut - Almond, Blanched, Ground', 20, '5 nutes'),
       (9, 'Cheese - St. Paulin', 43, 'quarter block'),
       (10, 'Trout Rainbow Whole', 34, '2 pounds'),
       (1, 'Bread - Multigrain Oval', 39, 'quarter loaf'),
       (8, 'Wine - Rosso Toscano Igt', 33, '1 cup'),
       (6, 'Bread - White, Unsliced', 4, 'half a loaf'),
       (5, 'Wine - White, Ej Gallo', 48, '2 cups'),
       (4, 'Soy Protein', 35, '6 tablespoons'),
       (9, 'Oil - Grapeseed Oil', 48, '2 tablespoons'),
       (3, 'Filter - Coffee', 22, '1 filter'),
       (8, 'Vinegar - Raspberry', 16, '3 tablespoons'),
       (5, 'Yoplait Drink', 20, '2 cups'),
       (9, 'Mix Pina Colada', 46, '3 cups'),
       (7, 'Longos - Greek Salad', 9, '1 bowl'),
       (1, 'Shrimp - 100 / 200 Cold Water', 40, 'half pound'),
       (3, 'Chocolate Bar - Reese Pieces', 38, '1 bar'),
       (7, 'Bread - Onion Focaccia', 10, 'full loaf'),
       (8, 'Coconut - Creamed, Pure', 11, '2 coconuts'),
       (4, 'Beef - Short Ribs', 39, '1.5 pounds'),
       (5, 'Milk - Buttermilk', 34, '2.5 cups'),
       (10, 'Cucumber - Pickling Ontario', 5, '1 cucumber'),
       (5, 'Oregano - Fresh', 42, 'dash'),
       (9, 'Cookie Double Choco', 6, '2 cookies'),
       (3, 'Corn - On The Cob', 26, '1 cob');


INSERT INTO Allergen
VALUES ('wheat', 'Pasta - Fettuccine, Egg, Fresh'),
       ('wheat', 'Muffin Batt - Carinsertrot Spice'),
       ('lactose', 'Plate - Foam, Bread And Butter'),
       ('pear', 'Nantucket - Pomegranate Pear'),
       ('nuts', 'Nut - Walnut, Chopped'),
       ('wheat', 'Bread Bowl Plain'),
       ('nuts', 'Nut - Almond, Blanched, Ground'),
       ('lactose', 'Cheese - St. Paulin'),
       ('fish', 'Trout Rainbow Whole'),
       ('wheat', 'Bread - Multigrain Oval'),
       ('alcohol', 'Wine - Rosso Toscano Igt'),
       ('wheat', 'Bread - White, Unsliced'),
       ('alcohol', 'Wine - White, Ej Gallo'),
       ('soy', 'Soy Protein'),
       ('oil', 'Oil - Grapeseed Oil'),
       ('paper chemical', 'Filter - Coffee'),
       ('vinegar', 'Vinegar - Raspberry'),
       ('lactose', 'Yoplait Drink'),
       ('alcohol', 'Mix Pina Colada'),
       ('lettuce', 'Longos - Greek Salad'),
       ('shrimp', 'Shrimp - 100 / 200 Cold Water'),
       ('lactose', 'Chocolate Bar - Reese Pieces'),
       ('wheat', 'Bread - Onion Focaccia'),
       ('coconut', 'Coconut - Creamed, Pure'),
       ('beef', 'Beef - Short Ribs'),
       ('loactose', 'Milk - Buttermilk'),
       ('cucumber', 'Cucumber - Pickling Ontario'),
       ('oregano', 'Oregano - Fresh'),
       ('lactose', 'Cookie Double Choco'),
       ('corn', 'Corn - On The Cob'),
       ('alcohol', 'Bacardi Limon'),
       ('alcohol', 'Vinegar - Red Wine'),
       ('sugar', 'Pie Box - Cello Window 2.5'),
       ('mineral salts', 'Club Soda - Schweppes, 355 Ml'),
       ('lactose', 'Cheese - Cheddar With Claret'),
       ('seeds', 'Seedlings - Mix, Organic'),
       ('shells', 'Tart Shells - Savory, 2'),
       ('alcohol', 'Wine - Pinot Noir Mondavi Coastal'),
       ('potatoes', 'Potatoes - Peeled'),
       ('lactose', 'Chocolate - Feathers'),
       ('wheat', 'Noodles - Steamed Chow Mein'),
       ('sugar', 'Tart - Pecan Butter Squares'),
       ('lactose', 'Coffee - Irish Cream'),
       ('lamb', 'Lamb Shoulder Boneless Nz'),
       ('sugar', 'Sauce - Oyster');
